{"type":"FeatureCollection","license":"ODbL-1.0","attribution":"\u00a9 OpenStreetMap contributors","retrieved":"2026-09-26","features":[{"type":"Feature","properties":{"id":"centru","osm_relation":58512,"label":[28.8269456,47.0074152],"source":"https://www.openstreetmap.org/relation/58512"},"geometry":{"type":"Polygon","coordinates":[[[28.8448143,46.9884976],[28.8448443,46.9884952],[28.8446939,46.987719],[28.8447789,46.9877057],[28.844701,46.9872916],[28.8443577,46.9871202],[28.8442881,46.9869234],[28.8442951,46.9869059],[28.8442578,46.9866875],[28.8442624,46.9866556],[28.8442764,46.9866301],[28.8444867,46.986415],[28.8445218,46.9863671],[28.8444844,46.9861966],[28.8443979,46.9861488],[28.8435712,46.9861985],[28.8433071,46.9862485],[28.8433534,46.9863158],[28.8429497,46.986402],[28.8428203,46.9862044],[28.8425785,46.9859963],[28.8422689,46.985654],[28.8417786,46.9851232],[28.8413602,46.9846466],[28.8412475,46.9845313],[28.8411858,46.9844105],[28.84074,46.9839237],[28.8405916,46.9838418],[28.8397003,46.9842239],[28.8396316,46.9842533],[28.8395808,46.9842751],[28.8395195,46.9842034],[28.8391757,46.9838019],[28.8391118,46.9837295],[28.8400774,46.9833101],[28.840098,46.9832908],[28.8388687,46.9819328],[28.8386797,46.9817229],[28.8386145,46.9816521],[28.8385281,46.9816864],[28.8384686,46.9817118],[28.838429,46.9817285],[28.8384148,46.9817345],[28.837615,46.9820773],[28.8375085,46.9821229],[28.8374474,46.9821489],[28.837354,46.9821887],[28.8372684,46.9822268],[28.8371111,46.9822969],[28.8370878,46.9823073],[28.8370468,46.9823255],[28.8370221,46.9823365],[28.8370128,46.982363],[28.8370074,46.9823783],[28.8369823,46.9824497],[28.836665,46.9826392],[28.8352511,46.9834874],[28.8350763,46.9833558],[28.8333474,46.9844807],[28.833298,46.9845536],[28.8330983,46.9846874],[28.8329247,46.9848038],[28.8327593,46.9849147],[28.8327048,46.9849512],[28.8326236,46.9850216],[28.8324171,46.9851871],[28.8307708,46.986694],[28.8288122,46.9880283],[28.828536,46.9882175],[28.8284623,46.9882728],[28.828446,46.9882851],[28.8284378,46.9882912],[28.8283776,46.9883364],[28.8283691,46.9883428],[28.8281223,46.9885196],[28.8280698,46.9885572],[28.8280546,46.9885681],[28.8279768,46.9886181],[28.8277097,46.9887896],[28.8276833,46.9888065],[28.8275971,46.9888578],[28.8275843,46.9888654],[28.8274003,46.9889908],[28.8270782,46.9892116],[28.8270699,46.9892173],[28.8268207,46.9891659],[28.8250451,46.9888048],[28.8249041,46.9887743],[28.824796,46.9887558],[28.8244838,46.9886984],[28.8243173,46.9886636],[28.824285,46.9886564],[28.8242327,46.9886449],[28.82417,46.9886328],[28.8240528,46.9886103],[28.823558,46.9885101],[28.8235535,46.9885197],[28.8235012,46.9885081],[28.8235051,46.9884998],[28.8234612,46.9884905],[28.8234336,46.9884846],[28.8230221,46.9883999],[28.8225807,46.988309],[28.8225493,46.9883025],[28.8225041,46.9882936],[28.8224811,46.9882891],[28.8224708,46.9882867],[28.8219633,46.9881806],[28.8219143,46.9881704],[28.8218524,46.9881561],[28.8218385,46.9881534],[28.8218016,46.9881605],[28.8217504,46.9881462],[28.8217254,46.9881386],[28.8215642,46.9884941],[28.82155,46.9885303],[28.8214893,46.988686],[28.8213163,46.9890959],[28.8212126,46.9893611],[28.8210751,46.989686],[28.8210015,46.9898633],[28.8209778,46.9899204],[28.8209094,46.9900852],[28.8208729,46.9901772],[28.8206513,46.9907089],[28.8205367,46.990984],[28.8204631,46.9909638],[28.8204335,46.9909557],[28.8204242,46.990973],[28.8203517,46.9911083],[28.8201999,46.9912644],[28.8201234,46.9912749],[28.8200805,46.9912529],[28.8200181,46.9913093],[28.8199973,46.9913303],[28.819991,46.9913367],[28.8199139,46.9912896],[28.8198537,46.9912528],[28.8198274,46.9912339],[28.8197447,46.9913203],[28.8196995,46.9913675],[28.8196813,46.9913864],[28.8196737,46.9913944],[28.819788,46.9914634],[28.8197584,46.9914817],[28.8197165,46.9915076],[28.8196444,46.9915522],[28.8193108,46.9917588],[28.8191789,46.9918404],[28.81903,46.9919326],[28.8188438,46.9920478],[28.8185736,46.9922154],[28.818543,46.9922344],[28.8184863,46.9922695],[28.8184533,46.9922886],[28.8182507,46.992363],[28.8180992,46.9924249],[28.8179701,46.9924777],[28.8179504,46.9924633],[28.8174575,46.9926638],[28.8172437,46.9927435],[28.817137,46.9927833],[28.8168775,46.9928945],[28.816539,46.9930393],[28.8165267,46.9930312],[28.8161714,46.9931916],[28.8153979,46.9935038],[28.8153805,46.9935108],[28.8153015,46.9934591],[28.8149026,46.9931537],[28.814669,46.9929857],[28.814511,46.992867],[28.8142009,46.9926601],[28.8140928,46.9925982],[28.814038,46.9925673],[28.8138321,46.9924516],[28.8137467,46.9924119],[28.8137181,46.9924035],[28.8136722,46.9923842],[28.8136175,46.9923605],[28.8135405,46.992327],[28.8135138,46.9923084],[28.8132923,46.992268],[28.8132526,46.9922482],[28.8125311,46.991739],[28.8121879,46.9919052],[28.8116716,46.9921306],[28.8114668,46.9922079],[28.811195,46.9923369],[28.8110757,46.9923935],[28.8103971,46.9922564],[28.8102542,46.9922276],[28.8096299,46.9921015],[28.8095365,46.9920827],[28.8092871,46.9920324],[28.8091185,46.9920032],[28.8091589,46.9918859],[28.8090352,46.9918637],[28.8090154,46.9917933],[28.8090292,46.9917524],[28.8088691,46.9913392],[28.8087372,46.9913122],[28.8087166,46.9912023],[28.8086682,46.9909448],[28.8083536,46.9909355],[28.8082704,46.9909331],[28.8077222,46.9908094],[28.8077171,46.9907879],[28.8073596,46.9906919],[28.8067674,46.9906076],[28.8065706,46.9905566],[28.8062532,46.9905131],[28.8062013,46.990506],[28.8061167,46.9904944],[28.8060169,46.9905859],[28.8055477,46.9904831],[28.8054886,46.9904432],[28.8053232,46.9904023],[28.8052959,46.9903895],[28.8052583,46.990372],[28.8051213,46.9904542],[28.8050013,46.9906142],[28.8047239,46.9905202],[28.8044566,46.9904158],[28.8040801,46.9903019],[28.8038441,46.9902429],[28.8038037,46.9903755],[28.8037066,46.9906178],[28.8036274,46.9907894],[28.8034267,46.9911939],[28.8034008,46.9912421],[28.8032178,46.9915825],[28.8031574,46.9917585],[28.8029629,46.9921157],[28.8028218,46.9923664],[28.8027381,46.9925055],[28.8027097,46.992593],[28.8026892,46.9926561],[28.8026701,46.9927195],[28.8026239,46.9927778],[28.8025498,46.9928713],[28.8024406,46.9930024],[28.8022665,46.9932014],[28.8020841,46.993403],[28.8019667,46.9935518],[28.8019295,46.9935919],[28.801636,46.9939084],[28.8013961,46.9941553],[28.801118,46.9944415],[28.8009826,46.9945896],[28.8005134,46.9950723],[28.7999791,46.9948887],[28.7999293,46.9948716],[28.7997669,46.9948158],[28.7998238,46.9948921],[28.7998036,46.9949222],[28.7995193,46.9947923],[28.7991097,46.9946052],[28.7991201,46.9945941],[28.7990167,46.9945568],[28.797866,46.9941629],[28.7977353,46.994118],[28.7976178,46.9940774],[28.7971763,46.9939239],[28.7971803,46.993917],[28.7971555,46.9939083],[28.7971508,46.9939157],[28.7969115,46.993819],[28.7959558,46.9934322],[28.7943984,46.992898],[28.7942626,46.9928631],[28.792078,46.9921828],[28.7919506,46.9921397],[28.7916828,46.9920495],[28.7902168,46.9915614],[28.7891956,46.9912262],[28.7888136,46.9910985],[28.7886923,46.991053],[28.7878642,46.9905764],[28.7871797,46.9901825],[28.7859662,46.9894841],[28.7845203,46.9887132],[28.7844427,46.9886719],[28.7841971,46.9885418],[28.7832842,46.9880957],[28.7826795,46.9878001],[28.7815222,46.9872346],[28.7810025,46.9868453],[28.7809892,46.9868337],[28.7809423,46.9867928],[28.7798952,46.9861955],[28.7797531,46.9861119],[28.7795592,46.9859419],[28.7795017,46.9858947],[28.7794101,46.9857754],[28.7796619,46.9856665],[28.779127,46.9852285],[28.7790575,46.9851716],[28.7778476,46.9841809],[28.7777824,46.9841274],[28.7769913,46.9834797],[28.7759955,46.9826642],[28.7758694,46.9825567],[28.7757764,46.9824928],[28.7754512,46.9822024],[28.7752169,46.9819932],[28.7751161,46.9819039],[28.7749596,46.981762],[28.7748421,46.9816585],[28.774823,46.981664],[28.7747086,46.9815664],[28.7745899,46.9814652],[28.7744733,46.9813657],[28.7743553,46.981265],[28.7742312,46.9811591],[28.7741631,46.9810976],[28.7741136,46.9810529],[28.7740653,46.9810094],[28.7739898,46.9809413],[28.7737846,46.9807703],[28.7733897,46.9804412],[28.7722391,46.9794623],[28.7722199,46.9794459],[28.772196,46.9794256],[28.7721586,46.9793909],[28.7717184,46.9789553],[28.771525,46.9787639],[28.7712194,46.9784615],[28.7706159,46.9787017],[28.7705905,46.978717],[28.7705412,46.9787466],[28.7704783,46.9787844],[28.7704333,46.9788114],[28.7704119,46.9788242],[28.7703951,46.9788343],[28.7699737,46.9790873],[28.7702884,46.9793768],[28.7702523,46.9794047],[28.7700157,46.9795877],[28.7703558,46.9798396],[28.7703809,46.9798538],[28.7704542,46.9798951],[28.7706163,46.9799865],[28.7708698,46.9801294],[28.7711447,46.9802956],[28.7713542,46.9804223],[28.7714732,46.9804942],[28.7700328,46.9812354],[28.7700691,46.9812766],[28.7700886,46.9812987],[28.7701075,46.9813202],[28.7702969,46.9815353],[28.7703309,46.9815739],[28.7705876,46.9819125],[28.770727,46.9820975],[28.7707867,46.9821767],[28.7710298,46.9825428],[28.7711565,46.9827203],[28.7712102,46.9827964],[28.771267,46.9828769],[28.7713643,46.9830149],[28.7715306,46.9832509],[28.7718422,46.9835009],[28.7720074,46.9836335],[28.7721826,46.9837741],[28.7721944,46.9837836],[28.7722772,46.9837423],[28.7724134,46.9838316],[28.7725515,46.9839222],[28.7726346,46.9839767],[28.772713,46.9840282],[28.7728364,46.9841091],[28.7728617,46.9841257],[28.7730022,46.9842179],[28.7731554,46.9843184],[28.7732985,46.9844123],[28.7734532,46.9845138],[28.773473,46.9845143],[28.7737392,46.9847001],[28.7737498,46.9847071],[28.7740337,46.9848943],[28.7741364,46.984962],[28.7741616,46.9849458],[28.7742771,46.9850145],[28.7742323,46.9850418],[28.7743452,46.985115],[28.7741829,46.9852205],[28.7742413,46.9852436],[28.7742642,46.985235],[28.7742854,46.9852473],[28.7743037,46.985258],[28.7743072,46.9852704],[28.7742793,46.9852828],[28.7745671,46.9854971],[28.7746106,46.9855295],[28.7746915,46.9855848],[28.7747541,46.9856275],[28.7748298,46.9856791],[28.77493,46.9857437],[28.7754745,46.9861763],[28.7755259,46.9861484],[28.7755795,46.9861798],[28.7756469,46.9862131],[28.775701,46.9862577],[28.7757561,46.9862825],[28.7757787,46.9863024],[28.7759286,46.9864333],[28.7759992,46.986502],[28.7760892,46.9865648],[28.7762062,46.9866464],[28.776113,46.9867249],[28.776101,46.9867707],[28.776057,46.9869383],[28.776013,46.9871061],[28.7759665,46.9872836],[28.7759629,46.9872971],[28.7759093,46.9875016],[28.7758608,46.9876864],[28.7759025,46.9877041],[28.7759134,46.9877135],[28.7759131,46.9878808],[28.775913,46.9879358],[28.775917,46.9880249],[28.7759712,46.9891426],[28.7759864,46.9895295],[28.7759869,46.9895706],[28.7759996,46.9898516],[28.7760755,46.989927],[28.7761224,46.9899182],[28.7761755,46.9900114],[28.776195,46.9900457],[28.7761793,46.9900493],[28.7761179,46.9900579],[28.776162,46.9901213],[28.7762168,46.9902447],[28.7762424,46.9902987],[28.7762431,46.9903705],[28.7763153,46.9905416],[28.7764145,46.9907988],[28.7764376,46.9908584],[28.7765361,46.9911128],[28.7765429,46.9911305],[28.7765523,46.9911548],[28.7765597,46.9911742],[28.7765951,46.9912682],[28.7765994,46.9912791],[28.7766031,46.9912884],[28.7766316,46.9913607],[28.7766587,46.991438],[28.7767326,46.9916492],[28.7768032,46.9918509],[28.7768763,46.9920597],[28.7769533,46.9922795],[28.7769719,46.9923326],[28.7762932,46.9924612],[28.7761692,46.9927402],[28.7763234,46.9927746],[28.7764065,46.9929602],[28.7765457,46.9932141],[28.7765826,46.9932813],[28.7769777,46.994002],[28.7770263,46.9940905],[28.7772084,46.9942923],[28.7773731,46.9944747],[28.7775405,46.9946601],[28.7776403,46.9947707],[28.7777752,46.9949201],[28.77799,46.9951581],[28.7782559,46.9953264],[28.778336,46.9953601],[28.7785244,46.9955085],[28.7784287,46.9955526],[28.77843,46.9955725],[28.7785018,46.9956385],[28.7786187,46.9957461],[28.7787979,46.9959109],[28.7788274,46.9959647],[28.7788408,46.9960041],[28.7788312,46.9960459],[28.7787948,46.996133],[28.7787275,46.9962939],[28.7785675,46.9963034],[28.7785924,46.9963683],[28.7786332,46.9964747],[28.7786432,46.9965007],[28.7786879,46.9965014],[28.7786884,46.9966891],[28.7787616,46.9968121],[28.778776,46.9968363],[28.7787916,46.9968626],[28.7788517,46.9970611],[28.7789979,46.9976918],[28.7790324,46.9978407],[28.7789833,46.9978478],[28.7789937,46.9979021],[28.7790002,46.9979359],[28.7790264,46.9980726],[28.7790234,46.9982775],[28.7787121,46.9983006],[28.778835,46.9986624],[28.7789119,46.9987733],[28.7789817,46.998874],[28.7790738,46.9990069],[28.7792238,46.9990743],[28.7793048,46.9991634],[28.7793597,46.9992237],[28.7794994,46.9993775],[28.7796192,46.9995092],[28.7797553,46.9996612],[28.7797645,46.9996716],[28.7797954,46.9997063],[28.7799854,46.9999203],[28.779515,47.0001293],[28.779012,47.0003528],[28.7789679,47.0003724],[28.7778414,47.0008857],[28.7777355,47.000934],[28.7775124,47.0010356],[28.7767293,47.0013794],[28.7766596,47.0014101],[28.775562,47.001892],[28.775496,47.0019209],[28.7744165,47.0023949],[28.7743785,47.0024116],[28.7743451,47.0024263],[28.7743163,47.0024389],[28.7744619,47.002588],[28.7744815,47.0026081],[28.775495,47.0036474],[28.7755802,47.0037389],[28.7758144,47.0039724],[28.7760664,47.004234],[28.7763668,47.0045069],[28.7764246,47.0045505],[28.7765543,47.0046426],[28.7767373,47.0047806],[28.7768466,47.0049069],[28.7770787,47.0051753],[28.778161,47.0047946],[28.778122,47.0047293],[28.7782004,47.0047016],[28.7781497,47.004633],[28.7780456,47.0045352],[28.7779467,47.0044249],[28.7778272,47.0042774],[28.7778607,47.0042657],[28.7785823,47.0039739],[28.7786387,47.0039344],[28.778855,47.0038104],[28.7789598,47.0037491],[28.7789889,47.0037332],[28.7790083,47.0037226],[28.7791608,47.003636],[28.7792857,47.0035631],[28.7793944,47.0035025],[28.7795269,47.0034212],[28.779615,47.003488],[28.779657,47.0034502],[28.7797765,47.0033518],[28.7798276,47.0032415],[28.7797956,47.0032162],[28.7797237,47.0031719],[28.7797861,47.0031249],[28.779723,47.003086],[28.7797004,47.0030723],[28.7797224,47.0030552],[28.7798626,47.0029458],[28.7799366,47.0028882],[28.7801065,47.002739],[28.7802271,47.0026099],[28.7801672,47.0025728],[28.7803814,47.0023847],[28.7802775,47.0022966],[28.780292,47.0022803],[28.780458,47.0023383],[28.7806088,47.0021817],[28.780672,47.002204],[28.7808121,47.0019686],[28.7807385,47.0019188],[28.781011,47.0016712],[28.780964,47.0015566],[28.7819492,47.0007106],[28.7820144,47.000752],[28.7829278,47.0013782],[28.7830272,47.0014464],[28.7840833,47.0022183],[28.7846286,47.0026419],[28.7848941,47.0028376],[28.7852663,47.0030235],[28.7856504,47.0032789],[28.7861364,47.0035425],[28.7863066,47.0036948],[28.7863877,47.0039418],[28.7864438,47.0039989],[28.7865095,47.0040658],[28.7869905,47.0046772],[28.7870832,47.0046903],[28.7872126,47.0048538],[28.7873044,47.0048042],[28.7873376,47.0047972],[28.7874128,47.0047914],[28.7874666,47.0047872],[28.7874908,47.004778],[28.7876032,47.0047532],[28.7877193,47.0047054],[28.7880395,47.0045932],[28.7883892,47.0044494],[28.7886937,47.0047061],[28.7888539,47.0048413],[28.788943,47.0049164],[28.7889716,47.0050562],[28.7890132,47.0052598],[28.7890433,47.0052994],[28.7891741,47.0052467],[28.789237,47.0051644],[28.7893428,47.0052537],[28.7895171,47.0054007],[28.789547,47.0054259],[28.789552,47.0054714],[28.7896007,47.0059152],[28.7896154,47.0060494],[28.7895138,47.0060741],[28.7895896,47.006266],[28.7894723,47.0064309],[28.7894128,47.0064752],[28.789438,47.0065305],[28.7895517,47.0065921],[28.7895788,47.0066548],[28.7895607,47.0067385],[28.7895589,47.0068172],[28.789595,47.0069071],[28.7896672,47.0069514],[28.7896419,47.007008],[28.7896317,47.0070395],[28.7897266,47.0070628],[28.7899045,47.0071952],[28.7904584,47.0076074],[28.7907989,47.0076158],[28.7909885,47.0078866],[28.7915932,47.007798],[28.7920771,47.0077413],[28.792013,47.0072251],[28.7931146,47.0071371],[28.7931752,47.0071323],[28.7935299,47.0071236],[28.7937347,47.0071166],[28.7937372,47.0070673],[28.7941071,47.0070604],[28.7941931,47.0072741],[28.7942508,47.0074842],[28.7942699,47.0075467],[28.7937906,47.0076678],[28.7932823,47.0077943],[28.7933173,47.0079295],[28.7935611,47.0090169],[28.7936972,47.0094071],[28.7937016,47.0097443],[28.793673,47.009905],[28.7935596,47.0105471],[28.7935239,47.0107873],[28.7934926,47.0109256],[28.7934242,47.0112169],[28.7932951,47.0116123],[28.7933849,47.0117003],[28.7934781,47.0118743],[28.7937177,47.0121884],[28.7943592,47.0121821],[28.7943771,47.0123803],[28.7943944,47.0125713],[28.79441,47.0127777],[28.7943491,47.0127811],[28.7943577,47.012923],[28.7943427,47.0129427],[28.7943266,47.0129822],[28.7944088,47.0129983],[28.7944265,47.0132084],[28.7944434,47.0134095],[28.7944602,47.0136099],[28.7944756,47.0137923],[28.7944921,47.0139887],[28.794521,47.0143322],[28.7946424,47.0143291],[28.7946512,47.0144249],[28.794666,47.0145845],[28.7945754,47.0146904],[28.7946126,47.0150209],[28.7946247,47.0152311],[28.7946712,47.0152401],[28.7949194,47.015244],[28.7949557,47.0152436],[28.7949906,47.0152139],[28.7951647,47.0152215],[28.7956265,47.0152555],[28.7957385,47.0152614],[28.7958263,47.0160048],[28.7957451,47.0160082],[28.7955242,47.0160173],[28.795356,47.0160202],[28.7953464,47.0160195],[28.7953379,47.0159719],[28.7949094,47.0159644],[28.794607,47.0159738],[28.794506,47.0159803],[28.7945014,47.0159546],[28.7941731,47.0159584],[28.7943464,47.0162709],[28.7944078,47.0163576],[28.7945113,47.0165097],[28.7945989,47.0165877],[28.7947491,47.0166968],[28.7948772,47.0167613],[28.7951434,47.0168705],[28.7951853,47.0168855],[28.79521,47.0168767],[28.7953072,47.0169125],[28.7953057,47.0169338],[28.7954128,47.0169654],[28.7956449,47.0170109],[28.7956767,47.01699],[28.7957493,47.0169932],[28.7958107,47.0168893],[28.7958513,47.0167878],[28.7960179,47.0167247],[28.7960819,47.0167438],[28.7961261,47.016825],[28.7963816,47.0166761],[28.7964054,47.0166571],[28.7963981,47.0166264],[28.7962714,47.0163982],[28.7961633,47.0162034],[28.7968283,47.0159256],[28.7969525,47.0158737],[28.7972246,47.01576],[28.7979065,47.0157392],[28.7988051,47.0155428],[28.7987896,47.0153689],[28.7987895,47.0151189],[28.7990396,47.0146739],[28.7993583,47.0145009],[28.7994082,47.0144552],[28.7994856,47.0144551],[28.8014587,47.0142678],[28.8015269,47.0144724],[28.801702,47.0147406],[28.8020068,47.015087],[28.8020868,47.0151872],[28.8022871,47.0154086],[28.8023346,47.015461],[28.8023493,47.0154796],[28.8023955,47.0155379],[28.8024205,47.0157559],[28.8024498,47.0157834],[28.8025694,47.0158488],[28.8027363,47.0157859],[28.8035636,47.0155958],[28.8041061,47.0156048],[28.8046889,47.0156145],[28.806285,47.0157865],[28.8069309,47.0159153],[28.8069327,47.015615],[28.8071909,47.0154955],[28.8076324,47.0158593],[28.8077176,47.0159295],[28.8075224,47.0161006],[28.8073499,47.0163074],[28.8073079,47.0164051],[28.8072585,47.0165198],[28.8072366,47.0166598],[28.8072293,47.0167067],[28.8072089,47.0170034],[28.8072213,47.0170991],[28.8072492,47.0171816],[28.8072893,47.0172607],[28.8073395,47.0173371],[28.8073591,47.0173597],[28.8073954,47.0174016],[28.8075875,47.0175745],[28.8077334,47.0177058],[28.8077783,47.0177389],[28.8078225,47.0177456],[28.8085549,47.0182823],[28.8093443,47.018809],[28.8095928,47.0190039],[28.8098632,47.0192813],[28.8098768,47.0192953],[28.8099249,47.0193908],[28.8100449,47.0195074],[28.8101922,47.0195845],[28.810269,47.0196109],[28.8102961,47.0196228],[28.8104962,47.0196941],[28.8105197,47.0199352],[28.8105224,47.0199625],[28.8104159,47.0201032],[28.8101991,47.0200246],[28.8099201,47.0199235],[28.8096894,47.0198417],[28.8096149,47.0198173],[28.8095716,47.0198031],[28.8094678,47.0197744],[28.8092809,47.0197476],[28.8091648,47.019738],[28.8090547,47.0197323],[28.8089512,47.0197339],[28.8089405,47.0197349],[28.8088378,47.0197442],[28.8088116,47.0197493],[28.8087559,47.01976],[28.8086827,47.0197801],[28.8085405,47.0198214],[28.8086762,47.0199691],[28.8087628,47.0200117],[28.8089299,47.0200671],[28.8090307,47.0200746],[28.8106405,47.0206042],[28.810855,47.0203838],[28.8113898,47.0205677],[28.8133089,47.0212278],[28.814698,47.0217056],[28.8146532,47.0217702],[28.8146996,47.0218114],[28.8147475,47.0218539],[28.8149403,47.0219168],[28.8153007,47.0225183],[28.8154085,47.0227712],[28.8154416,47.0230003],[28.8155137,47.0230121],[28.8157001,47.0230733],[28.8159849,47.0232725],[28.8159615,47.0232934],[28.8161435,47.0233877],[28.8162387,47.0232628],[28.816552,47.0232439],[28.8166522,47.0232543],[28.8172235,47.0235388],[28.8172688,47.0234957],[28.8174295,47.0233466],[28.8174411,47.0233359],[28.817499,47.0232793],[28.8175359,47.0232459],[28.8173898,47.0231755],[28.8173487,47.0232071],[28.8173082,47.023243],[28.8172187,47.023195],[28.8171529,47.0232021],[28.817115,47.023217],[28.8170793,47.0232454],[28.8169693,47.0231909],[28.8170513,47.0231052],[28.8171584,47.0230052],[28.816604,47.0226837],[28.8165857,47.0224381],[28.8165809,47.0223762],[28.8167674,47.0222129],[28.8170556,47.0219568],[28.8171482,47.0218745],[28.8171255,47.0218632],[28.8171433,47.0218482],[28.8171859,47.0218098],[28.8175508,47.0214802],[28.8177215,47.0212776],[28.8177588,47.0212333],[28.8177778,47.0212108],[28.8180624,47.0209997],[28.8182343,47.021093],[28.8186137,47.0208272],[28.8187382,47.0208967],[28.8192383,47.0204626],[28.8192643,47.0204406],[28.8197626,47.0200531],[28.8200566,47.0198408],[28.8201257,47.0198738],[28.8203687,47.0196849],[28.8203456,47.0195717],[28.8207115,47.0192758],[28.8207815,47.0193136],[28.8211033,47.0190704],[28.821299,47.0188992],[28.8214149,47.0187854],[28.8214426,47.0186926],[28.8215078,47.0186247],[28.8214541,47.0186013],[28.8217346,47.0183461],[28.8217596,47.0183559],[28.8217874,47.0183254],[28.821792,47.0183013],[28.8218151,47.0182803],[28.8218505,47.0182698],[28.8218844,47.0182372],[28.8219445,47.0182267],[28.8219676,47.0182372],[28.8219861,47.0182214],[28.8219939,47.0182252],[28.8222431,47.0183517],[28.8222249,47.0183706],[28.8222418,47.0183779],[28.8222187,47.018399],[28.8222033,47.0183921],[28.82219,47.0184042],[28.8223301,47.0184721],[28.8225412,47.0185777],[28.8225407,47.0185995],[28.8225484,47.0186279],[28.8225622,47.0186489],[28.8225966,47.01867],[28.8226269,47.0186858],[28.8227009,47.0187238],[28.8234499,47.01804],[28.8235746,47.0179303],[28.8237463,47.017774],[28.8237825,47.0177429],[28.8242096,47.0173515],[28.8244866,47.0171045],[28.8245999,47.0171678],[28.8246287,47.0171774],[28.8246542,47.0171902],[28.8265854,47.0185648],[28.8268014,47.0187279],[28.8269443,47.0188366],[28.8273295,47.0191295],[28.8280252,47.019659],[28.8288286,47.0202284],[28.828907,47.0202832],[28.8294064,47.0206322],[28.8295896,47.0207602],[28.8296098,47.0207599],[28.829625,47.0207697],[28.8296253,47.0207845],[28.8296214,47.0207875],[28.8302308,47.0212265],[28.8306087,47.0214956],[28.8307584,47.0215995],[28.8307819,47.0216116],[28.8307842,47.0216127],[28.8309338,47.0217506],[28.8320117,47.0225086],[28.8321074,47.0225765],[28.8321694,47.0226238],[28.833426,47.0235032],[28.8338684,47.0237896],[28.8357583,47.0250924],[28.8368625,47.0258596],[28.8370251,47.0260396],[28.8372994,47.0258532],[28.837634,47.0256285],[28.8378314,47.0255042],[28.8378756,47.0254763],[28.8380581,47.025352],[28.8382573,47.0252257],[28.8382489,47.0252197],[28.8384284,47.0250998],[28.8384406,47.0251074],[28.8384668,47.0250905],[28.8389588,47.0247787],[28.8390863,47.0247008],[28.839157,47.0246499],[28.8391636,47.0246516],[28.8400868,47.0240376],[28.8407557,47.0235961],[28.8425395,47.0223777],[28.8434986,47.0217262],[28.8447161,47.0209011],[28.8449107,47.0207491],[28.8467405,47.0195427],[28.8473917,47.0190987],[28.8487578,47.018189],[28.8492993,47.018563],[28.8508955,47.0196681],[28.8518546,47.0193062],[28.8519183,47.0192628],[28.8519679,47.0191687],[28.8531641,47.0183459],[28.8539286,47.0176558],[28.8541817,47.0173409],[28.854555,47.0167847],[28.8550505,47.0155155],[28.8554823,47.0143813],[28.8557194,47.0137708],[28.8564695,47.0143542],[28.8566849,47.0145249],[28.856833,47.0146422],[28.856907,47.0147122],[28.8569716,47.0147785],[28.8570431,47.0148726],[28.857075,47.0149508],[28.857107,47.0150694],[28.8571817,47.0152371],[28.8572156,47.01524],[28.857889,47.0158099],[28.8575324,47.0162635],[28.8574383,47.0164279],[28.8573472,47.0165904],[28.8572916,47.0167481],[28.8572057,47.0169916],[28.8571793,47.0170764],[28.8571426,47.0171907],[28.8571381,47.0172106],[28.8569888,47.0172355],[28.8569605,47.0174219],[28.8569386,47.0175661],[28.8569433,47.017573],[28.8568745,47.0180262],[28.8568794,47.0183304],[28.8569185,47.0187367],[28.8569641,47.0187358],[28.8569827,47.0189358],[28.857004,47.0191646],[28.8569742,47.0191714],[28.8569142,47.0191716],[28.8569226,47.0193601],[28.857089,47.0202309],[28.8569746,47.0202726],[28.8569907,47.0205578],[28.8570992,47.0205653],[28.8568436,47.0218676],[28.8567908,47.0220244],[28.8567138,47.0222035],[28.8566391,47.0223606],[28.8569945,47.0224145],[28.8599691,47.022893],[28.8604422,47.0229702],[28.8606318,47.0230011],[28.8608318,47.0228438],[28.8608695,47.0227071],[28.8608247,47.022672],[28.8608017,47.0226305],[28.8607974,47.0225864],[28.8608008,47.0225225],[28.8610312,47.0222939],[28.8611014,47.0222276],[28.861438,47.021986],[28.8615303,47.0219567],[28.861591,47.0219472],[28.8616532,47.0219571],[28.8617187,47.0219751],[28.861956,47.0217843],[28.8618931,47.0217076],[28.8618952,47.0216434],[28.8635448,47.0200659],[28.8641125,47.0195276],[28.8648499,47.018897],[28.8655266,47.01826],[28.8670694,47.0167581],[28.8670623,47.0167372],[28.8677403,47.0160957],[28.868852,47.0149875],[28.8712049,47.0127587],[28.8716943,47.0122667],[28.8726354,47.0113469],[28.8742417,47.0097383],[28.8749068,47.0090024],[28.8756346,47.0080526],[28.8765004,47.0068675],[28.8780565,47.004925],[28.8793992,47.0035686],[28.8808046,47.0022764],[28.8830257,47.0001883],[28.8842904,46.9990227],[28.8842096,46.9988434],[28.8841488,46.9987573],[28.88406,46.9986776],[28.8839337,46.9986297],[28.8837887,46.9985978],[28.8835694,46.9985512],[28.8831565,46.9988604],[28.8830049,46.9989232],[28.8828586,46.9989343],[28.8827015,46.9988973],[28.8824524,46.9987791],[28.8822844,46.9986572],[28.8821761,46.9985205],[28.8821003,46.9983247],[28.8821003,46.9982065],[28.8821436,46.9980846],[28.882214,46.9979664],[28.8824524,46.997704],[28.8829453,46.9972607],[28.8837199,46.9966068],[28.8856212,46.995177],[28.8860238,46.9949445],[28.8870207,46.9945071],[28.8872535,46.9943568],[28.887076,46.9939835],[28.8863487,46.9932177],[28.8859779,46.9928246],[28.8858613,46.9927033],[28.8854037,46.9922145],[28.8850232,46.991808],[28.8851363,46.9917594],[28.8850578,46.9916788],[28.8850566,46.9916576],[28.8850212,46.9916198],[28.8850077,46.9916046],[28.8849928,46.991587],[28.8845802,46.991751],[28.8835884,46.9921439],[28.8824392,46.9925962],[28.8816004,46.9929282],[28.8813834,46.9930183],[28.8811679,46.9931164],[28.8809806,46.9932039],[28.8807883,46.9933004],[28.8805858,46.9934049],[28.8803946,46.9935118],[28.8802196,46.9936177],[28.8800679,46.9937144],[28.8798759,46.993841],[28.8797063,46.9939564],[28.8795662,46.9940619],[28.8794173,46.9941804],[28.879237,46.994331],[28.8790939,46.9944504],[28.8789449,46.9945789],[28.878661,46.9948282],[28.8774005,46.9959409],[28.8756231,46.997509],[28.8752962,46.9978019],[28.8750066,46.9980738],[28.8747997,46.9982713],[28.8746176,46.9984555],[28.874447,46.9986286],[28.874275,46.9988083],[28.8740416,46.999058],[28.8739088,46.9992029],[28.8737746,46.999357],[28.8736189,46.9995373],[28.8734204,46.9997716],[28.8732328,47.0000017],[28.8730478,47.0002383],[28.8729191,47.0004055],[28.8727439,47.0006452],[28.872595,47.0008658],[28.8723871,47.001166],[28.87193,47.0018398],[28.871439,47.0025799],[28.8711214,47.00304],[28.8705262,47.0039175],[28.8701352,47.004494],[28.8697094,47.0051057],[28.8695964,47.0052604],[28.8694466,47.0054471],[28.8693451,47.0055651],[28.8692241,47.0056931],[28.8690931,47.005822],[28.8689793,47.0059234],[28.8688174,47.0060618],[28.8685981,47.006246],[28.8681751,47.006582],[28.8669399,47.0075586],[28.8663286,47.0080473],[28.8662052,47.0081442],[28.8655295,47.0086791],[28.8654015,47.0087798],[28.8650816,47.0090365],[28.8644286,47.0095546],[28.8637455,47.010098],[28.8633929,47.0103788],[28.8632437,47.0104982],[28.8631071,47.0106136],[28.8629675,47.0107331],[28.8628007,47.0108816],[28.8625776,47.0110845],[28.8623461,47.0112768],[28.8618842,47.0110264],[28.8617597,47.01095],[28.8617217,47.010919],[28.8616231,47.0108595],[28.8616371,47.0108483],[28.8614589,47.0107324],[28.8614544,47.0107357],[28.8612401,47.0105903],[28.8608432,47.0103407],[28.8608376,47.0103447],[28.8606413,47.0102225],[28.8606061,47.0101966],[28.8605803,47.0101884],[28.86048,47.0101105],[28.8599996,47.0104297],[28.859954,47.0103967],[28.8598467,47.0104699],[28.859887,47.010501],[28.8596375,47.0106656],[28.8595892,47.0106345],[28.8591145,47.0103291],[28.8590233,47.0103949],[28.8585324,47.0100675],[28.8589187,47.0098097],[28.8584547,47.0094969],[28.8581569,47.0092902],[28.8579692,47.0091092],[28.857996,47.0090909],[28.8578914,47.0090269],[28.8575776,47.0088385],[28.8573871,47.0088019],[28.8572316,47.008716],[28.8567488,47.0084599],[28.8567971,47.0084142],[28.8566281,47.0083081],[28.8565771,47.0082935],[28.8562606,47.0081563],[28.8558717,47.0080283],[28.8558127,47.007999],[28.8555632,47.007913],[28.8547666,47.0076515],[28.8541336,47.0074869],[28.8540505,47.0075235],[28.8539727,47.0076497],[28.8538895,47.007807],[28.8537286,47.0080447],[28.853564,47.0080088],[28.8534155,47.0079764],[28.8534311,47.0079337],[28.851721,47.0075995],[28.8496529,47.0071871],[28.8496323,47.0072271],[28.8493099,47.0071345],[28.8487814,47.006799],[28.8487611,47.0067186],[28.8477081,47.0060339],[28.8465576,47.0053075],[28.8462378,47.005573],[28.8461267,47.0056624],[28.8457585,47.0060164],[28.8458712,47.0061298],[28.8459487,47.0061796],[28.8455766,47.0064653],[28.8455244,47.0065036],[28.8454721,47.0065345],[28.8454758,47.0065433],[28.845401,47.0066225],[28.8453726,47.0066575],[28.8453273,47.0066696],[28.8451957,47.0067574],[28.8452609,47.0067975],[28.8450493,47.007112],[28.8444153,47.0075037],[28.8441996,47.0074388],[28.8440436,47.0073076],[28.8435696,47.0069089],[28.8431936,47.0065909],[28.8431551,47.0065574],[28.8431425,47.0065465],[28.8431264,47.0065326],[28.8430811,47.0064933],[28.8430168,47.0064417],[28.8429911,47.0064196],[28.8429591,47.0063896],[28.8428766,47.0063236],[28.8428154,47.0062717],[28.8426332,47.0061171],[28.8425178,47.0060192],[28.8423778,47.006033],[28.8422872,47.0055422],[28.8417174,47.0055712],[28.8415864,47.0046927],[28.8415793,47.0043065],[28.8416076,47.0039807],[28.841682,47.0035969],[28.8419166,47.0026009],[28.8420922,47.002147],[28.8421426,47.0018069],[28.8422032,47.0017898],[28.8422771,47.0017982],[28.842274,47.0018193],[28.842363,47.0018282],[28.8424657,47.0013239],[28.8425833,47.0010233],[28.8428524,47.0003568],[28.8429267,47.0001034],[28.8431249,46.9995482],[28.843178,46.9995579],[28.8432028,46.9994975],[28.8431709,46.9994879],[28.8431828,46.9994563],[28.8432771,46.9992055],[28.8438327,46.9978248],[28.8438787,46.9976824],[28.8438398,46.997593],[28.8440026,46.9970861],[28.8439849,46.9970282],[28.8442616,46.9963991],[28.8443353,46.9962316],[28.8444875,46.9962558],[28.84453,46.9961447],[28.8450644,46.9962437],[28.8453475,46.9956161],[28.8448237,46.9955268],[28.8453121,46.9948074],[28.8457014,46.994356],[28.8459669,46.9940494],[28.8459209,46.9937935],[28.8457254,46.9927479],[28.8453425,46.9906758],[28.8451331,46.9895767],[28.8450194,46.9895879],[28.8448143,46.9884976]]]}},{"type":"Feature","properties":{"id":"buiucani","osm_relation":1813297,"label":[28.7933634,47.0403147],"source":"https://www.openstreetmap.org/relation/1813297"},"geometry":{"type":"Polygon","coordinates":[[[28.7806107,47.0599514],[28.7809701,47.0593192],[28.7814583,47.0589337],[28.7817507,47.0587034],[28.7824328,47.0581674],[28.7825491,47.0580715],[28.7826769,47.0579642],[28.7827963,47.0578634],[28.7828291,47.0578444],[28.78286,47.0578738],[28.7834698,47.0585214],[28.7834348,47.0585401],[28.7835237,47.0586491],[28.7837595,47.0588961],[28.7838584,47.0589967],[28.7837882,47.0590288],[28.7839329,47.0591801],[28.7843267,47.0595724],[28.7843548,47.0595981],[28.784486,47.0597395],[28.7858828,47.0587037],[28.7859972,47.0587701],[28.7865756,47.0591058],[28.7867858,47.059231],[28.7871995,47.0589479],[28.7864921,47.0584743],[28.7863437,47.0583772],[28.7856985,47.0579562],[28.7851379,47.0576752],[28.7846128,47.0573749],[28.7840935,47.0571227],[28.7826665,47.0561967],[28.7821365,47.0560163],[28.7811391,47.0553742],[28.7808952,47.055479],[28.7806712,47.0553414],[28.7805694,47.0552789],[28.7806922,47.0552223],[28.7808665,47.0551724],[28.7817299,47.054746],[28.782783,47.0542942],[28.784157,47.0540681],[28.7855438,47.0539005],[28.7875434,47.0537582],[28.7901615,47.0535761],[28.7918552,47.0534621],[28.7964454,47.0531584],[28.8028407,47.0527336],[28.8054284,47.0525653],[28.8087217,47.0523449],[28.8106879,47.0520235],[28.8107535,47.0520128],[28.8121059,47.0517094],[28.8140666,47.0512696],[28.8145967,47.0511397],[28.8150053,47.0510469],[28.8154834,47.0509127],[28.81591,47.050776],[28.8164793,47.050567],[28.8172944,47.0502379],[28.817718,47.050033],[28.818408,47.0496345],[28.8189631,47.0492909],[28.8204469,47.0483414],[28.8209292,47.0480407],[28.8214119,47.0477227],[28.82267,47.0469198],[28.8259999,47.0447585],[28.8261136,47.0446809],[28.8261787,47.0444889],[28.826437,47.0442312],[28.8271586,47.0438545],[28.8278818,47.043491],[28.8279136,47.0434724],[28.827977,47.0434354],[28.8280507,47.0433827],[28.8281879,47.0433049],[28.8283458,47.0432198],[28.8285758,47.0430541],[28.8286928,47.0429871],[28.8293337,47.042673],[28.829621,47.0425674],[28.829961,47.0424705],[28.8302356,47.0423999],[28.830792,47.0422867],[28.8312481,47.0422276],[28.8315734,47.0421858],[28.8317472,47.0421634],[28.8307349,47.0413378],[28.8301986,47.0410055],[28.8298469,47.0407876],[28.8288275,47.0400166],[28.8278778,47.0394502],[28.827417,47.0392017],[28.8270516,47.0389708],[28.8266323,47.0387058],[28.8265813,47.0386736],[28.8265344,47.0386429],[28.8265068,47.0386261],[28.8255231,47.0379521],[28.8248111,47.0374829],[28.8243875,47.0372253],[28.8239341,47.0369106],[28.823895,47.0368886],[28.8236288,47.0367391],[28.8233994,47.0366183],[28.8233255,47.0365638],[28.8232317,47.0365157],[28.8231664,47.0364966],[28.8231501,47.03649],[28.8230792,47.036461],[28.8230598,47.0364531],[28.823001,47.0364291],[28.8225458,47.0361324],[28.8223864,47.0360239],[28.8221868,47.0358824],[28.8223069,47.0358037],[28.8233008,47.0351523],[28.8234338,47.0350683],[28.8234612,47.0350492],[28.8235325,47.0350033],[28.8238183,47.0348191],[28.8238852,47.0347798],[28.8247916,47.0342002],[28.8249505,47.0340964],[28.8251196,47.0342552],[28.8251684,47.0342204],[28.8254316,47.0344561],[28.8255846,47.0345932],[28.8256469,47.0345583],[28.8256456,47.0345378],[28.8258265,47.0344257],[28.8260074,47.0343136],[28.8260234,47.0343203],[28.8263908,47.0340841],[28.8263674,47.0340658],[28.8268583,47.03374],[28.8270613,47.03384],[28.8271023,47.0338459],[28.8271734,47.0338883],[28.8275096,47.0337004],[28.8279084,47.0334393],[28.8278889,47.0334255],[28.8279908,47.0333596],[28.8278103,47.0332443],[28.8280053,47.033129],[28.8280636,47.0331896],[28.8282661,47.0330825],[28.8281706,47.0329841],[28.8280292,47.0328563],[28.8278563,47.032677],[28.8277897,47.0326063],[28.8275921,47.0324649],[28.8275159,47.0324113],[28.8278302,47.0321964],[28.8280976,47.0320261],[28.82813,47.0320054],[28.8284059,47.0318207],[28.8286114,47.0316881],[28.8316106,47.029675],[28.8319918,47.0294252],[28.8320677,47.029375],[28.832736,47.0289328],[28.8341874,47.027949],[28.8370251,47.0260396],[28.8368625,47.0258596],[28.8357583,47.0250924],[28.8338684,47.0237896],[28.833426,47.0235032],[28.8321694,47.0226238],[28.8321074,47.0225765],[28.8320117,47.0225086],[28.8309338,47.0217506],[28.8307842,47.0216127],[28.8307819,47.0216116],[28.8307584,47.0215995],[28.8306087,47.0214956],[28.8302308,47.0212265],[28.8296214,47.0207875],[28.8296253,47.0207845],[28.829625,47.0207697],[28.8296098,47.0207599],[28.8295896,47.0207602],[28.8294064,47.0206322],[28.828907,47.0202832],[28.8288286,47.0202284],[28.8280252,47.019659],[28.8273295,47.0191295],[28.8269443,47.0188366],[28.8268014,47.0187279],[28.8265854,47.0185648],[28.8246542,47.0171902],[28.8246287,47.0171774],[28.8245999,47.0171678],[28.8244866,47.0171045],[28.8242096,47.0173515],[28.8237825,47.0177429],[28.8237463,47.017774],[28.8235746,47.0179303],[28.8234499,47.01804],[28.8227009,47.0187238],[28.8226269,47.0186858],[28.8225966,47.01867],[28.8225622,47.0186489],[28.8225484,47.0186279],[28.8225407,47.0185995],[28.8225412,47.0185777],[28.8223301,47.0184721],[28.82219,47.0184042],[28.8222033,47.0183921],[28.8222187,47.018399],[28.8222418,47.0183779],[28.8222249,47.0183706],[28.8222431,47.0183517],[28.8219939,47.0182252],[28.8219861,47.0182214],[28.8219676,47.0182372],[28.8219445,47.0182267],[28.8218844,47.0182372],[28.8218505,47.0182698],[28.8218151,47.0182803],[28.821792,47.0183013],[28.8217874,47.0183254],[28.8217596,47.0183559],[28.8217346,47.0183461],[28.8214541,47.0186013],[28.8215078,47.0186247],[28.8214426,47.0186926],[28.8214149,47.0187854],[28.821299,47.0188992],[28.8211033,47.0190704],[28.8207815,47.0193136],[28.8207115,47.0192758],[28.8203456,47.0195717],[28.8203687,47.0196849],[28.8201257,47.0198738],[28.8200566,47.0198408],[28.8197626,47.0200531],[28.8192643,47.0204406],[28.8192383,47.0204626],[28.8187382,47.0208967],[28.8186137,47.0208272],[28.8182343,47.021093],[28.8180624,47.0209997],[28.8177778,47.0212108],[28.8177588,47.0212333],[28.8177215,47.0212776],[28.8175508,47.0214802],[28.8171859,47.0218098],[28.8171433,47.0218482],[28.8171255,47.0218632],[28.8171482,47.0218745],[28.8170556,47.0219568],[28.8167674,47.0222129],[28.8165809,47.0223762],[28.8165857,47.0224381],[28.816604,47.0226837],[28.8171584,47.0230052],[28.8170513,47.0231052],[28.8169693,47.0231909],[28.8170793,47.0232454],[28.817115,47.023217],[28.8171529,47.0232021],[28.8172187,47.023195],[28.8173082,47.023243],[28.8173487,47.0232071],[28.8173898,47.0231755],[28.8175359,47.0232459],[28.817499,47.0232793],[28.8174411,47.0233359],[28.8174295,47.0233466],[28.8172688,47.0234957],[28.8172235,47.0235388],[28.8166522,47.0232543],[28.816552,47.0232439],[28.8162387,47.0232628],[28.8161435,47.0233877],[28.8159615,47.0232934],[28.8159849,47.0232725],[28.8157001,47.0230733],[28.8155137,47.0230121],[28.8154416,47.0230003],[28.8154085,47.0227712],[28.8153007,47.0225183],[28.8149403,47.0219168],[28.8147475,47.0218539],[28.8146996,47.0218114],[28.8146532,47.0217702],[28.814698,47.0217056],[28.8133089,47.0212278],[28.8113898,47.0205677],[28.810855,47.0203838],[28.8106405,47.0206042],[28.8090307,47.0200746],[28.8089299,47.0200671],[28.8087628,47.0200117],[28.8086762,47.0199691],[28.8085405,47.0198214],[28.8086827,47.0197801],[28.8087559,47.01976],[28.8088116,47.0197493],[28.8088378,47.0197442],[28.8089405,47.0197349],[28.8089512,47.0197339],[28.8090547,47.0197323],[28.8091648,47.019738],[28.8092809,47.0197476],[28.8094678,47.0197744],[28.8095716,47.0198031],[28.8096149,47.0198173],[28.8096894,47.0198417],[28.8099201,47.0199235],[28.8101991,47.0200246],[28.8104159,47.0201032],[28.8105224,47.0199625],[28.8105197,47.0199352],[28.8104962,47.0196941],[28.8102961,47.0196228],[28.810269,47.0196109],[28.8101922,47.0195845],[28.8100449,47.0195074],[28.8099249,47.0193908],[28.8098768,47.0192953],[28.8098632,47.0192813],[28.8095928,47.0190039],[28.8093443,47.018809],[28.8085549,47.0182823],[28.8078225,47.0177456],[28.8077783,47.0177389],[28.8077334,47.0177058],[28.8075875,47.0175745],[28.8073954,47.0174016],[28.8073591,47.0173597],[28.8073395,47.0173371],[28.8072893,47.0172607],[28.8072492,47.0171816],[28.8072213,47.0170991],[28.8072089,47.0170034],[28.8072293,47.0167067],[28.8072366,47.0166598],[28.8072585,47.0165198],[28.8073079,47.0164051],[28.8073499,47.0163074],[28.8075224,47.0161006],[28.8077176,47.0159295],[28.8076324,47.0158593],[28.8071909,47.0154955],[28.8069327,47.015615],[28.8069309,47.0159153],[28.806285,47.0157865],[28.8046889,47.0156145],[28.8041061,47.0156048],[28.8035636,47.0155958],[28.8027363,47.0157859],[28.8025694,47.0158488],[28.8024498,47.0157834],[28.8024205,47.0157559],[28.8023955,47.0155379],[28.8023493,47.0154796],[28.8023346,47.015461],[28.8022871,47.0154086],[28.8020868,47.0151872],[28.8020068,47.015087],[28.801702,47.0147406],[28.8015269,47.0144724],[28.8014587,47.0142678],[28.7994856,47.0144551],[28.7994082,47.0144552],[28.7993583,47.0145009],[28.7990396,47.0146739],[28.7987895,47.0151189],[28.7987896,47.0153689],[28.7988051,47.0155428],[28.7979065,47.0157392],[28.7972246,47.01576],[28.7969525,47.0158737],[28.7968283,47.0159256],[28.7961633,47.0162034],[28.7962714,47.0163982],[28.7963981,47.0166264],[28.7964054,47.0166571],[28.7963816,47.0166761],[28.7961261,47.016825],[28.7960819,47.0167438],[28.7960179,47.0167247],[28.7958513,47.0167878],[28.7958107,47.0168893],[28.7957493,47.0169932],[28.7956767,47.01699],[28.7956449,47.0170109],[28.7954128,47.0169654],[28.7953057,47.0169338],[28.7953072,47.0169125],[28.79521,47.0168767],[28.7951853,47.0168855],[28.7951434,47.0168705],[28.7948772,47.0167613],[28.7947491,47.0166968],[28.7945989,47.0165877],[28.7945113,47.0165097],[28.7944078,47.0163576],[28.7943464,47.0162709],[28.7941731,47.0159584],[28.7945014,47.0159546],[28.794506,47.0159803],[28.794607,47.0159738],[28.7949094,47.0159644],[28.7953379,47.0159719],[28.7953464,47.0160195],[28.795356,47.0160202],[28.7955242,47.0160173],[28.7957451,47.0160082],[28.7958263,47.0160048],[28.7957385,47.0152614],[28.7956265,47.0152555],[28.7951647,47.0152215],[28.7949906,47.0152139],[28.7949557,47.0152436],[28.7949194,47.015244],[28.7946712,47.0152401],[28.7946247,47.0152311],[28.7946126,47.0150209],[28.7945754,47.0146904],[28.794666,47.0145845],[28.7946512,47.0144249],[28.7946424,47.0143291],[28.794521,47.0143322],[28.7944921,47.0139887],[28.7944756,47.0137923],[28.7944602,47.0136099],[28.7944434,47.0134095],[28.7944265,47.0132084],[28.7944088,47.0129983],[28.7943266,47.0129822],[28.7943427,47.0129427],[28.7943577,47.012923],[28.7943491,47.0127811],[28.79441,47.0127777],[28.7943944,47.0125713],[28.7943771,47.0123803],[28.7943592,47.0121821],[28.7937177,47.0121884],[28.7934781,47.0118743],[28.7933849,47.0117003],[28.7932951,47.0116123],[28.7934242,47.0112169],[28.7934926,47.0109256],[28.7935239,47.0107873],[28.7935596,47.0105471],[28.793673,47.009905],[28.7937016,47.0097443],[28.7936972,47.0094071],[28.7935611,47.0090169],[28.7933173,47.0079295],[28.7932823,47.0077943],[28.7937906,47.0076678],[28.7942699,47.0075467],[28.7942508,47.0074842],[28.7941931,47.0072741],[28.7941071,47.0070604],[28.7937372,47.0070673],[28.7937347,47.0071166],[28.7935299,47.0071236],[28.7931752,47.0071323],[28.7931146,47.0071371],[28.792013,47.0072251],[28.7920771,47.0077413],[28.7915932,47.007798],[28.7909885,47.0078866],[28.7907989,47.0076158],[28.7904584,47.0076074],[28.7899045,47.0071952],[28.7897266,47.0070628],[28.7896317,47.0070395],[28.7896419,47.007008],[28.7896672,47.0069514],[28.789595,47.0069071],[28.7895589,47.0068172],[28.7895607,47.0067385],[28.7895788,47.0066548],[28.7895517,47.0065921],[28.789438,47.0065305],[28.7894128,47.0064752],[28.7894723,47.0064309],[28.7895896,47.006266],[28.7895138,47.0060741],[28.7896154,47.0060494],[28.7896007,47.0059152],[28.789552,47.0054714],[28.789547,47.0054259],[28.7895171,47.0054007],[28.7893428,47.0052537],[28.789237,47.0051644],[28.7891741,47.0052467],[28.7890433,47.0052994],[28.7890132,47.0052598],[28.7889716,47.0050562],[28.788943,47.0049164],[28.7888539,47.0048413],[28.7886937,47.0047061],[28.7883892,47.0044494],[28.7880395,47.0045932],[28.7877193,47.0047054],[28.7876032,47.0047532],[28.7874908,47.004778],[28.7874666,47.0047872],[28.7874128,47.0047914],[28.7873376,47.0047972],[28.7873044,47.0048042],[28.7872126,47.0048538],[28.7874716,47.0051513],[28.7875252,47.0052174],[28.7876055,47.0052766],[28.7876936,47.0053836],[28.7878173,47.0055707],[28.7878837,47.0056977],[28.7879322,47.0057734],[28.7879717,47.0058282],[28.7880311,47.0059144],[28.78805,47.0059537],[28.7881276,47.006062],[28.7882314,47.0062491],[28.7882617,47.0063713],[28.7883115,47.0066228],[28.7885059,47.0072517],[28.7885436,47.0073736],[28.7885597,47.0074258],[28.7885741,47.007463],[28.7888254,47.0081134],[28.788852,47.0081823],[28.7891839,47.0090413],[28.7891972,47.0090757],[28.789539,47.0099602],[28.7895507,47.0099904],[28.7898248,47.0106998],[28.7899175,47.0108631],[28.7899512,47.0109225],[28.7900584,47.011121],[28.7901912,47.011367],[28.7903424,47.0116661],[28.7904043,47.0118437],[28.7905059,47.0126226],[28.7905425,47.0130135],[28.7905389,47.0131999],[28.7905651,47.0135276],[28.7905524,47.0141101],[28.7904543,47.0143941],[28.7904101,47.014498],[28.7903357,47.0145836],[28.7902624,47.0146478],[28.790129,47.0147288],[28.7892717,47.0151147],[28.7883738,47.0158786],[28.7882402,47.0158577],[28.7882314,47.0159046],[28.7881995,47.0160757],[28.7881825,47.0166234],[28.7882136,47.0176432],[28.7874482,47.017709],[28.7873208,47.0183287],[28.7889359,47.0186725],[28.7883041,47.0191668],[28.7882361,47.0192199],[28.7880666,47.0193525],[28.7880375,47.0193753],[28.7878984,47.0194769],[28.7877282,47.0196093],[28.7875853,47.0197179],[28.7873305,47.0199052],[28.7870351,47.0201078],[28.7868641,47.0202327],[28.7867445,47.0203201],[28.7866735,47.0203814],[28.7865811,47.0204593],[28.7863582,47.0206176],[28.786302,47.0206541],[28.7862095,47.0206202],[28.7859617,47.0204432],[28.7857679,47.0203052],[28.7857067,47.0202648],[28.7856068,47.0201987],[28.7833216,47.0213395],[28.7832873,47.021366],[28.7830139,47.0214915],[28.7830036,47.021513],[28.7830643,47.0215737],[28.7830872,47.0215966],[28.7831358,47.0216457],[28.7831489,47.0216488],[28.7834003,47.0218601],[28.7835432,47.0219849],[28.7836297,47.0220818],[28.7838727,47.0222873],[28.784167,47.0225312],[28.7842492,47.0225994],[28.7841662,47.0226378],[28.7840752,47.02268],[28.7838311,47.022793],[28.78358,47.0228886],[28.7832695,47.0229732],[28.7830079,47.0230272],[28.7826534,47.0230806],[28.7830164,47.0237943],[28.783089,47.0239284],[28.7833947,47.024528],[28.7834541,47.0246389],[28.7822364,47.0249207],[28.7822465,47.0249368],[28.7822562,47.0249524],[28.7822595,47.0249577],[28.7824201,47.0252138],[28.78243,47.0252296],[28.7824537,47.0252709],[28.7824835,47.0253229],[28.7824586,47.0253286],[28.7825067,47.0254247],[28.7824727,47.0254326],[28.7825589,47.025623],[28.7825837,47.0256769],[28.7826129,47.0257401],[28.7827136,47.0259169],[28.7827352,47.0259613],[28.7827805,47.0260493],[28.7829971,47.0264541],[28.7825279,47.026587],[28.7824371,47.0266127],[28.7827388,47.0271496],[28.7827565,47.0271812],[28.7827713,47.0272076],[28.7827738,47.027212],[28.7828077,47.0272723],[28.7828584,47.0273625],[28.7827823,47.0273992],[28.7827687,47.0274286],[28.782809,47.0275032],[28.7828827,47.0276393],[28.7829156,47.0277001],[28.7829591,47.0277805],[28.7829856,47.0278295],[28.7828841,47.0278601],[28.7828898,47.0278705],[28.7829108,47.027909],[28.7829278,47.0279047],[28.7829542,47.0279531],[28.7829374,47.0279574],[28.7830045,47.0280971],[28.782772,47.0281555],[28.7826665,47.028182],[28.7826616,47.0281729],[28.7824203,47.0282356],[28.7822436,47.0282861],[28.7821867,47.0283024],[28.7820468,47.0283429],[28.7820444,47.028338],[28.7819433,47.0283615],[28.7818581,47.0283814],[28.7817708,47.0284017],[28.7817219,47.0284131],[28.7817277,47.0284213],[28.7816694,47.0284402],[28.7813366,47.0285383],[28.7813449,47.0285501],[28.7812429,47.028576],[28.7811439,47.028603],[28.7808833,47.0286816],[28.7808698,47.0286849],[28.7807878,47.0287092],[28.7806244,47.0287564],[28.7804703,47.0288026],[28.7804283,47.0288145],[28.7803852,47.0288263],[28.7803615,47.0288327],[28.7802306,47.0288692],[28.7801286,47.028899],[28.7800798,47.0289147],[28.7796391,47.0290395],[28.7796021,47.0290508],[28.77953,47.0290718],[28.7795243,47.0290628],[28.7793099,47.0291251],[28.7792454,47.029022],[28.7791156,47.0290497],[28.7790859,47.0290572],[28.7789328,47.029091],[28.7789203,47.0290937],[28.7788936,47.029099],[28.7788708,47.0291036],[28.7788096,47.0291188],[28.7787238,47.0291412],[28.7787163,47.0291432],[28.7787102,47.0291449],[28.7786638,47.0291645],[28.7785962,47.0291865],[28.7785911,47.0291792],[28.7785128,47.0292049],[28.778363,47.0292541],[28.7783593,47.0292484],[28.7781206,47.0293356],[28.7781146,47.0293371],[28.7778719,47.0293978],[28.7777615,47.0294253],[28.7776569,47.0294515],[28.7775073,47.0294889],[28.7775178,47.0295074],[28.7774261,47.0295308],[28.7773859,47.0295422],[28.7773788,47.029531],[28.7771213,47.0295906],[28.7768841,47.0296556],[28.7766357,47.0297322],[28.7766448,47.0297456],[28.776375,47.0298304],[28.7763745,47.0298296],[28.7762713,47.0298629],[28.776241,47.0298736],[28.7763677,47.0300315],[28.7765376,47.0302432],[28.7766063,47.0303287],[28.7764613,47.0303854],[28.7763144,47.0304428],[28.7761806,47.0304951],[28.7761712,47.0304988],[28.7759899,47.0305697],[28.7760407,47.0306479],[28.7761493,47.0308148],[28.7761774,47.0309827],[28.7762024,47.0309933],[28.7763941,47.0311831],[28.7763676,47.0311921],[28.7764291,47.0312686],[28.7765488,47.0314179],[28.7765606,47.0314361],[28.7765728,47.0314547],[28.7766165,47.0314383],[28.7766611,47.0314928],[28.7766874,47.0315248],[28.7766945,47.0315335],[28.7767793,47.0316697],[28.7767947,47.0316945],[28.7768077,47.0317154],[28.7768284,47.0317486],[28.7768328,47.0317557],[28.7768518,47.0318055],[28.7769088,47.0318907],[28.776933,47.0319268],[28.7769697,47.0319816],[28.7766439,47.0321118],[28.7765457,47.032149],[28.776352,47.0322225],[28.7761146,47.0322929],[28.7758604,47.0323845],[28.7758188,47.0324055],[28.7758108,47.0324084],[28.7758038,47.0324088],[28.7757465,47.0324124],[28.7757032,47.0324152],[28.7756752,47.0324169],[28.7755495,47.0324248],[28.775521,47.0323757],[28.7754437,47.0323799],[28.7752426,47.0323819],[28.7749732,47.0323886],[28.7749732,47.0324114],[28.7749551,47.0324103],[28.7747965,47.0324003],[28.7746723,47.0324023],[28.7744592,47.0324337],[28.7741632,47.0325735],[28.7741457,47.0325986],[28.7741185,47.0326286],[28.7741092,47.0326388],[28.7741021,47.0326475],[28.7740423,47.0327198],[28.7738411,47.0328806],[28.7739503,47.0330058],[28.7738506,47.0330401],[28.7737402,47.0331014],[28.773709,47.0331187],[28.7737019,47.0331127],[28.7736652,47.0331361],[28.773646,47.0331214],[28.7735761,47.0331533],[28.7735192,47.0331078],[28.7734555,47.0331346],[28.7733255,47.0331983],[28.7731855,47.0332608],[28.7730825,47.0333087],[28.7730608,47.0333203],[28.772965,47.0333717],[28.7726258,47.0335398],[28.7725266,47.0335883],[28.7724661,47.0336175],[28.7723875,47.0336554],[28.7722924,47.0337013],[28.7721273,47.033781],[28.7719559,47.033865],[28.7714168,47.0341291],[28.7712658,47.0342081],[28.7710586,47.0343165],[28.771052,47.03431],[28.7710127,47.0343307],[28.7709719,47.0343521],[28.770516,47.0345918],[28.7704121,47.0346465],[28.7701479,47.0347801],[28.7700648,47.0348221],[28.7700222,47.0348454],[28.7699465,47.0348834],[28.7698755,47.0349195],[28.7694329,47.0351447],[28.7693664,47.0350922],[28.7692586,47.0350071],[28.7691626,47.0349313],[28.7691401,47.0349135],[28.7688949,47.0347199],[28.768876,47.0347081],[28.7687041,47.0346014],[28.7686888,47.0345919],[28.7685133,47.0343899],[28.7683316,47.0340743],[28.7682599,47.03398],[28.7681678,47.033859],[28.7679922,47.0336281],[28.7679583,47.0335835],[28.7680199,47.0335541],[28.7679423,47.0334714],[28.7678977,47.0334897],[28.7678435,47.0334279],[28.7677619,47.0333255],[28.7677657,47.0332966],[28.7677462,47.0332718],[28.7676929,47.0332142],[28.7676679,47.033189],[28.7674442,47.032957],[28.7674353,47.0329478],[28.7673689,47.0328788],[28.7673573,47.0328667],[28.7673199,47.032828],[28.7672218,47.0327262],[28.767161,47.0326632],[28.7669813,47.0324768],[28.7669635,47.0324863],[28.7669152,47.032512],[28.7668478,47.0325522],[28.7668096,47.032575],[28.7666798,47.0326523],[28.7658248,47.0331796],[28.7656984,47.0332678],[28.7655006,47.0334953],[28.7651216,47.0339132],[28.7649101,47.0341361],[28.7647838,47.0342534],[28.7647363,47.0343071],[28.7647612,47.0343097],[28.7645754,47.034489],[28.7644466,47.0346249],[28.7643144,47.0347646],[28.7642233,47.0348442],[28.7640847,47.0349977],[28.7635469,47.035475],[28.763332,47.0356177],[28.7631059,47.0357576],[28.7624235,47.0361798],[28.7624046,47.0361916],[28.7623346,47.0362349],[28.7622909,47.0362619],[28.7619343,47.0364826],[28.7618814,47.0365177],[28.7617594,47.03659],[28.7615148,47.0367422],[28.7614686,47.0367708],[28.7613848,47.0368134],[28.7606708,47.0371769],[28.7606384,47.0371666],[28.760401,47.0371307],[28.7603586,47.0371784],[28.7601578,47.0371794],[28.7599213,47.0371806],[28.7586594,47.037187],[28.7585596,47.0371978],[28.7562655,47.03855],[28.7561904,47.0385935],[28.752991,47.0404493],[28.7528704,47.0405193],[28.7524668,47.0407517],[28.752514,47.0407769],[28.753059,47.0410609],[28.7530975,47.0410828],[28.7532538,47.0409875],[28.7532823,47.0409703],[28.7534602,47.0408629],[28.7534456,47.0408404],[28.7534223,47.0408222],[28.7534087,47.0408115],[28.7535323,47.0407373],[28.7544139,47.0402079],[28.7558727,47.039332],[28.7566113,47.0388885],[28.7566566,47.0389297],[28.7567368,47.0389197],[28.75677,47.038953],[28.7570068,47.039169],[28.7570639,47.0392222],[28.7573438,47.0394769],[28.7575914,47.0397054],[28.7576306,47.0397413],[28.7576625,47.0397705],[28.7578192,47.0396588],[28.7578971,47.0396858],[28.7580547,47.0397125],[28.7582594,47.0397472],[28.758542,47.0397951],[28.7588741,47.0398514],[28.7593127,47.0399258],[28.759392,47.0399392],[28.7591805,47.0401963],[28.7591301,47.0402575],[28.7591526,47.0402769],[28.759168,47.0402901],[28.7590675,47.0403443],[28.7590348,47.0403602],[28.7590091,47.0403554],[28.7588273,47.0404633],[28.7586164,47.0405718],[28.7580275,47.040963],[28.7579662,47.041048],[28.7579034,47.0410928],[28.7577247,47.0412204],[28.7576107,47.0413017],[28.7570698,47.0417411],[28.7565427,47.0421171],[28.7564707,47.0421079],[28.7563698,47.04225],[28.7563482,47.0422804],[28.7562858,47.0423682],[28.7573329,47.0427356],[28.7574111,47.042763],[28.757476,47.0427858],[28.7585723,47.0431902],[28.7586428,47.0432193],[28.7597831,47.0436685],[28.7598546,47.0436967],[28.7599044,47.0437163],[28.7608649,47.0441059],[28.7609474,47.0441458],[28.7610213,47.0441816],[28.7615668,47.0444457],[28.7620934,47.0446918],[28.7621546,47.0447261],[28.763121,47.0452678],[28.763142,47.0452796],[28.7631859,47.0453047],[28.7635507,47.0455133],[28.7641133,47.0458461],[28.7641835,47.0458894],[28.7644626,47.0460616],[28.7646879,47.0462371],[28.7649793,47.0465494],[28.7650136,47.0465862],[28.7650903,47.0466684],[28.7652573,47.0469872],[28.765319,47.0471305],[28.7653505,47.0472036],[28.7654366,47.0475839],[28.7653853,47.0480282],[28.7653478,47.0483389],[28.7652566,47.0485838],[28.7651463,47.0487917],[28.7649318,47.0490455],[28.763713,47.050128],[28.7633515,47.0505808],[28.7631749,47.0509825],[28.7630402,47.0515474],[28.7630544,47.0520019],[28.763218,47.0526313],[28.7635699,47.0531365],[28.7642718,47.0541195],[28.764312,47.0544073],[28.764262,47.05468],[28.7639464,47.0550937],[28.7641959,47.0557026],[28.7642747,47.0556823],[28.7643718,47.0558076],[28.7644365,47.0557882],[28.7644965,47.0557702],[28.7645845,47.0557438],[28.7646076,47.0557369],[28.7646914,47.0557117],[28.7647721,47.0558198],[28.764842,47.0558949],[28.7651226,47.0561962],[28.7652285,47.0563562],[28.7653792,47.0563216],[28.765426,47.0563965],[28.7652855,47.0564336],[28.7653016,47.0564619],[28.7663813,47.0566329],[28.7670032,47.0567596],[28.7672386,47.0568076],[28.7674489,47.0565822],[28.7680321,47.0567587],[28.7684794,47.056894],[28.7687791,47.0569846],[28.7689368,47.0570323],[28.7687682,47.057095],[28.7650203,47.060022],[28.7636139,47.0614712],[28.7622349,47.0621905],[28.7603288,47.0601089],[28.7588821,47.0609481],[28.7581325,47.061383],[28.7579582,47.0613121],[28.7579098,47.0612932],[28.7576603,47.0611437],[28.7576115,47.061117],[28.7574451,47.0608872],[28.7572886,47.0608885],[28.7572086,47.0608891],[28.7571051,47.0609729],[28.7568512,47.0607872],[28.7567956,47.0607498],[28.7565002,47.060551],[28.7566939,47.0604179],[28.7568121,47.0603366],[28.7568305,47.060324],[28.7568579,47.0603051],[28.7571204,47.0601247],[28.7575352,47.0598485],[28.7574699,47.0598021],[28.7573007,47.0596819],[28.7572137,47.0596201],[28.7571444,47.0595708],[28.7570733,47.0595203],[28.7569804,47.0594543],[28.7567449,47.0592826],[28.7567289,47.0592709],[28.7566705,47.0592248],[28.7559366,47.0594225],[28.7554895,47.059543],[28.7553106,47.0595912],[28.7552498,47.0596075],[28.7552424,47.0596095],[28.7542088,47.0598241],[28.7531632,47.0600412],[28.752003,47.0602749],[28.7512969,47.0609779],[28.7507151,47.0615573],[28.7504782,47.0616707],[28.7501148,47.0618447],[28.7500087,47.0618919],[28.7492364,47.0622348],[28.7476918,47.0629207],[28.746378,47.0643996],[28.7461007,47.0647021],[28.7456468,47.0651971],[28.7454816,47.0652995],[28.7452446,47.0654865],[28.7451209,47.0658928],[28.7451501,47.0660357],[28.7451909,47.0662354],[28.7451805,47.0666603],[28.7451651,47.0672919],[28.745164,47.0673374],[28.7451563,47.0676524],[28.7469233,47.0684407],[28.74765,47.0682733],[28.7481668,47.0677684],[28.7483492,47.0675902],[28.748516,47.0676661],[28.7488877,47.0677398],[28.7490176,47.0678307],[28.7490861,47.0678897],[28.7492088,47.0678947],[28.7494037,47.0678283],[28.7496888,47.0676906],[28.7499058,47.0675129],[28.7507604,47.0678126],[28.7514995,47.0671847],[28.7549462,47.0642633],[28.7550181,47.0642023],[28.755131,47.0641084],[28.7587028,47.0632385],[28.7597556,47.0623835],[28.7602685,47.0637568],[28.7604803,47.0647417],[28.7605117,47.064888],[28.7599839,47.06525],[28.7607757,47.0658536],[28.7607263,47.0663462],[28.7607374,47.066439],[28.7607703,47.0665555],[28.7606807,47.0665899],[28.7609814,47.0670697],[28.7596476,47.067507],[28.7587952,47.067791],[28.7583968,47.0679703],[28.7582027,47.0680832],[28.7574891,47.0684459],[28.7570351,47.0687626],[28.756716,47.068985],[28.7562368,47.0691453],[28.7560561,47.0692394],[28.7549104,47.0701541],[28.7547215,47.0702566],[28.7534657,47.0706228],[28.7532492,47.0708071],[28.7527836,47.0710947],[28.7525924,47.0711168],[28.7517956,47.0708653],[28.7516418,47.0708061],[28.7521284,47.0716145],[28.7522743,47.0716463],[28.7527427,47.0720156],[28.7529591,47.0723419],[28.7530046,47.0724104],[28.7530198,47.0724552],[28.7532418,47.0724148],[28.753478,47.072335],[28.7536452,47.0722901],[28.7539037,47.0722487],[28.7551222,47.0721706],[28.7551353,47.0722585],[28.7559746,47.072201],[28.7560141,47.0724539],[28.7560499,47.0726831],[28.7560649,47.0727789],[28.7561326,47.0731096],[28.7561472,47.0731812],[28.7561651,47.0732511],[28.7562162,47.0734564],[28.7562245,47.0734898],[28.7561817,47.0734942],[28.7561917,47.0735377],[28.7562001,47.0735865],[28.7564609,47.0735706],[28.7567041,47.0735689],[28.7575558,47.0735279],[28.7576611,47.0735228],[28.7586706,47.0734794],[28.7589443,47.0734278],[28.7589797,47.0734211],[28.7598531,47.0733658],[28.7604361,47.0733289],[28.760427,47.0732898],[28.7606087,47.0732771],[28.7607588,47.0732666],[28.7612477,47.0732319],[28.7614289,47.0732189],[28.7619596,47.0731807],[28.7626194,47.0731296],[28.7626337,47.0731893],[28.764266,47.0730849],[28.765243,47.0730224],[28.7653297,47.0730169],[28.7655325,47.0730038],[28.7658082,47.0729579],[28.765865,47.0728982],[28.7663471,47.0728293],[28.7670042,47.072726],[28.7675591,47.0726399],[28.7678006,47.0726181],[28.7679817,47.0726322],[28.768242,47.0726823],[28.7691115,47.0730552],[28.7694376,47.0730667],[28.7695799,47.0730584],[28.7711146,47.0726929],[28.7712609,47.0726255],[28.7715096,47.072468],[28.7719233,47.0722313],[28.7725564,47.071929],[28.7729666,47.0717319],[28.7732377,47.0715862],[28.7734772,47.0714233],[28.7740885,47.0709833],[28.7742763,47.0708408],[28.7746893,47.0705284],[28.7751423,47.070188],[28.7755952,47.0698469],[28.7759496,47.0695636],[28.7763362,47.0692499],[28.7769856,47.0687264],[28.7774138,47.0683599],[28.7779885,47.0678697],[28.7784947,47.0674349],[28.7787732,47.0671954],[28.7789052,47.0667522],[28.778926,47.0666822],[28.7790508,47.0662632],[28.7792603,47.0655597],[28.7793531,47.0652807],[28.7794115,47.0648385],[28.7794699,47.0644202],[28.779562,47.0637336],[28.7796127,47.0630642],[28.7797336,47.062144],[28.7797444,47.0616215],[28.7797668,47.0615769],[28.7798349,47.0614417],[28.7802332,47.0606273],[28.7803183,47.060479],[28.7806107,47.0599514]],[[28.7682204,47.047413],[28.768144,47.0474012],[28.7678505,47.0472834],[28.7677892,47.0472425],[28.7678379,47.0472027],[28.7677159,47.0471234],[28.7677069,47.0470981],[28.7676707,47.0469966],[28.7676619,47.0469697],[28.7679004,47.0469116],[28.768084,47.0468522],[28.768409,47.0467506],[28.768418,47.0467567],[28.7684281,47.0467635],[28.7685706,47.0467756],[28.7689155,47.0465866],[28.7693593,47.0463368],[28.7694255,47.0462981],[28.7695691,47.0461814],[28.7697401,47.0460436],[28.7698844,47.0458923],[28.769826,47.0458684],[28.7698928,47.0457855],[28.7699056,47.0457701],[28.7699828,47.045677],[28.7700587,47.0455856],[28.770192,47.0453879],[28.7702469,47.0452993],[28.7702784,47.0452244],[28.7702882,47.0452035],[28.7703007,47.0451793],[28.7703056,47.0451665],[28.7704703,47.0447399],[28.7704744,47.0447294],[28.7708815,47.0447682],[28.7709769,47.0448128],[28.7710455,47.0448213],[28.7712629,47.0448481],[28.7712579,47.0448588],[28.7711659,47.0450539],[28.7712135,47.0453819],[28.7712505,47.0456377],[28.7712929,47.0461712],[28.7712969,47.0462218],[28.7713103,47.0464003],[28.7712905,47.0465648],[28.7712492,47.0467145],[28.7711026,47.0472133],[28.7708808,47.0476688],[28.7706702,47.0479946],[28.7704982,47.0479626],[28.7702134,47.0479096],[28.7701781,47.047903],[28.7693554,47.0477706],[28.7690247,47.0476649],[28.7689757,47.0476492],[28.7689295,47.0476344],[28.7685592,47.0475183],[28.7684327,47.0474753],[28.7683686,47.0474549],[28.7683314,47.0474431],[28.7682523,47.0474179],[28.7682204,47.047413]]]}},{"type":"Feature","properties":{"id":"botanica","osm_relation":1813306,"label":[28.8627577,46.9879044],"source":"https://www.openstreetmap.org/relation/1813306"},"geometry":{"type":"Polygon","coordinates":[[[28.9670626,46.9351859],[28.965392,46.9337384],[28.9653514,46.9336197],[28.9653145,46.9335119],[28.9652402,46.9332949],[28.9652189,46.9332016],[28.966135,46.9328452],[28.966917,46.9321496],[28.9670188,46.9319691],[28.9672902,46.9314878],[28.9677195,46.9303764],[28.9682648,46.928989],[28.9694476,46.9259796],[28.969736,46.9242559],[28.971225,46.9217588],[28.9712557,46.9217149],[28.9713144,46.921632],[28.9717117,46.9210681],[28.9720397,46.9206025],[28.9718389,46.920532],[28.9715327,46.9204233],[28.9715086,46.9204148],[28.9714203,46.9203835],[28.971322,46.9203488],[28.9709044,46.9206709],[28.9702907,46.9212665],[28.9700623,46.9215408],[28.9699961,46.9216204],[28.969869,46.9215576],[28.9696073,46.9218696],[28.9695189,46.9219734],[28.9693682,46.9221565],[28.9692725,46.9222727],[28.9692212,46.9223523],[28.9691949,46.9223931],[28.969066,46.9225133],[28.9688904,46.9226949],[28.9686705,46.9229234],[28.9683474,46.9232542],[28.9682367,46.9233665],[28.9681276,46.9233015],[28.9679481,46.9234766],[28.967024,46.9244529],[28.9653992,46.9261741],[28.9654563,46.9262074],[28.9651965,46.9264478],[28.9651063,46.9264843],[28.9650544,46.9265393],[28.9648931,46.92671],[28.9645371,46.927087],[28.9644456,46.9271839],[28.9637945,46.9277874],[28.9635966,46.9279566],[28.9631188,46.9282745],[28.9630164,46.9283427],[28.9627937,46.9284947],[28.9624981,46.9286875],[28.9616268,46.929274],[28.9614884,46.9293671],[28.9614195,46.9294135],[28.960545,46.9299971],[28.9598273,46.9304761],[28.9576907,46.9314722],[28.9546829,46.9325432],[28.9541121,46.9320821],[28.953996,46.9316006],[28.9539298,46.931326],[28.953884,46.9311363],[28.9538921,46.9311075],[28.9558358,46.9300899],[28.956268,46.9298597],[28.9564787,46.9298747],[28.9575649,46.9299518],[28.9590605,46.9295498],[28.9589681,46.9282838],[28.958933,46.9278037],[28.9583321,46.9272917],[28.9557468,46.9267502],[28.9556458,46.9267416],[28.9498906,46.9266309],[28.9498948,46.9263741],[28.9498567,46.9263333],[28.9488334,46.9263192],[28.9519957,46.9223402],[28.9497702,46.9211313],[28.9495187,46.921398],[28.9440546,46.9271693],[28.943212,46.9271678],[28.9432226,46.926993],[28.9430781,46.9269886],[28.9430703,46.9271605],[28.9381439,46.92706],[28.9381532,46.926889],[28.9379621,46.9268858],[28.9379534,46.9270563],[28.9338917,46.926978],[28.9339177,46.9262063],[28.9334684,46.9261997],[28.9334549,46.9269687],[28.9317642,46.9269206],[28.9317649,46.9268116],[28.9313123,46.926797],[28.9313095,46.9269114],[28.9304093,46.9268944],[28.9304218,46.9268077],[28.9302417,46.9268075],[28.9302393,46.9268909],[28.9184802,46.9266534],[28.9174914,46.9266335],[28.916578,46.926615],[28.9164805,46.926613],[28.9145166,46.9265734],[28.914136,46.9265657],[28.9140323,46.9265636],[28.9139214,46.9265149],[28.9139505,46.9259092],[28.9139241,46.9258948],[28.9131586,46.9258894],[28.9131605,46.9256372],[28.9131608,46.9255951],[28.9131613,46.925527],[28.9116738,46.9255167],[28.9111829,46.9255133],[28.910556,46.925509],[28.9105402,46.9256857],[28.9068502,46.9256118],[28.9068053,46.9256695],[28.9068027,46.9257307],[28.9024175,46.9256348],[28.9020166,46.9256697],[28.9010406,46.9261346],[28.9004725,46.9261316],[28.9003365,46.9261375],[28.8997606,46.9261244],[28.8997162,46.9261517],[28.8992119,46.9267457],[28.8989369,46.9269685],[28.8988854,46.9270102],[28.8992746,46.9277604],[28.8994099,46.9277419],[28.8996297,46.9280633],[28.8996849,46.9282223],[28.9042236,46.928319],[28.9057297,46.928351],[28.9057965,46.9283525],[28.9063193,46.9283636],[28.9074092,46.9294428],[28.9108305,46.9295135],[28.9117703,46.9295329],[28.9118408,46.9295343],[28.9139331,46.9295775],[28.9139905,46.9295787],[28.9187935,46.9296779],[28.918813,46.9297582],[28.9188257,46.92981],[28.9192792,46.9316733],[28.9190491,46.9316925],[28.9177794,46.9317987],[28.917045,46.9318601],[28.9154726,46.9319915],[28.9149858,46.9320322],[28.9149915,46.9320797],[28.9150897,46.9328943],[28.9151564,46.9334485],[28.9154081,46.9355378],[28.9179447,46.9353558],[28.9178905,46.935572],[28.9180443,46.9358511],[28.918092,46.9361231],[28.9181994,46.9382185],[28.919021,46.9383068],[28.91982,46.9394414],[28.9205295,46.9404322],[28.9213643,46.9416716],[28.9216497,46.9420954],[28.9223329,46.9432161],[28.9227331,46.9434942],[28.9231777,46.9441483],[28.9232255,46.9442241],[28.9222566,46.9447919],[28.9221959,46.9448275],[28.9226066,46.9450929],[28.922759,46.9453124],[28.9225107,46.9458195],[28.9224466,46.9459894],[28.9224182,46.9460879],[28.9223062,46.9462982],[28.9222665,46.9463963],[28.9221573,46.9472496],[28.9209452,46.9476715],[28.9213222,46.9488688],[28.9215095,46.9494638],[28.9223486,46.9501051],[28.9228788,46.9504129],[28.922829,46.9504406],[28.922665,46.9505318],[28.9225152,46.950614],[28.9223741,46.9506915],[28.922292,46.9507366],[28.9220912,46.9508985],[28.9220128,46.9509618],[28.9206377,46.9522005],[28.9203219,46.952485],[28.9202564,46.952526],[28.9201287,46.9526391],[28.920083,46.9526796],[28.9175413,46.9555179],[28.9174815,46.9555847],[28.9164449,46.9567421],[28.9162159,46.9569583],[28.9161768,46.9570001],[28.9161618,46.957016],[28.9160663,46.9571179],[28.9159335,46.957322],[28.9158301,46.9573839],[28.9155455,46.957719],[28.9146347,46.9587916],[28.9137505,46.959775],[28.9135717,46.9599612],[28.9133782,46.960127],[28.9127085,46.9604427],[28.9124435,46.9605267],[28.912038,46.9605453],[28.9115826,46.9605379],[28.9107637,46.9605987],[28.9106222,46.960663],[28.9104227,46.9607941],[28.9103543,46.9608696],[28.9120062,46.9619115],[28.9119506,46.9619727],[28.9118915,46.9620377],[28.911697,46.9621878],[28.9113884,46.9623975],[28.9101207,46.963382],[28.9095343,46.9631205],[28.9094725,46.9630929],[28.9080501,46.9624586],[28.9078165,46.9623544],[28.9073398,46.9621757],[28.9072251,46.9621327],[28.9070183,46.9620473],[28.9054212,46.9613554],[28.8998896,46.9590481],[28.8998498,46.9590316],[28.8989893,46.9586732],[28.8974902,46.9596239],[28.8974545,46.9596465],[28.8970983,46.9598725],[28.8963075,46.960374],[28.8956244,46.9608072],[28.8953169,46.9610022],[28.8952204,46.9610629],[28.8951997,46.9610759],[28.8948378,46.9613034],[28.8936162,46.9620712],[28.8935736,46.962098],[28.893478,46.9621581],[28.8935588,46.9622179],[28.8934948,46.9622553],[28.8934271,46.9622961],[28.8926399,46.9627712],[28.892581,46.9628011],[28.8924415,46.9628717],[28.8924298,46.9628799],[28.8923968,46.9629031],[28.8922766,46.9629867],[28.8915164,46.96344],[28.8909513,46.9637757],[28.8908225,46.9638522],[28.8907606,46.963889],[28.8905215,46.9640311],[28.8903438,46.9641389],[28.8902676,46.9641852],[28.8900896,46.9642932],[28.8900669,46.9643069],[28.8848581,46.9672858],[28.88431,46.9674304],[28.8839888,46.9673991],[28.8825906,46.9637102],[28.8825895,46.9636383],[28.8825945,46.9632845],[28.8792446,46.9603576],[28.8749694,46.9566221],[28.874469,46.9561849],[28.8742678,46.956009],[28.8722785,46.9542707],[28.8722303,46.9542286],[28.8721846,46.9541887],[28.8721529,46.954161],[28.8716227,46.9536976],[28.8706756,46.9554799],[28.8706545,46.9555195],[28.8706017,46.9555104],[28.8705244,46.9554971],[28.8688757,46.9552136],[28.8673151,46.9549507],[28.8657819,46.9546889],[28.8656403,46.9546647],[28.8655468,46.9546487],[28.8654367,46.9546299],[28.8651628,46.9555048],[28.8651505,46.9555441],[28.8651316,46.9556044],[28.8650223,46.9559577],[28.8650145,46.9559827],[28.8650092,46.9559999],[28.8649968,46.95604],[28.8649204,46.956253],[28.864907,46.9562902],[28.8648763,46.9563759],[28.8648509,46.9564451],[28.8647697,46.9566662],[28.8647558,46.956704],[28.8647389,46.9567501],[28.8647089,46.9568319],[28.8646721,46.9569321],[28.8646095,46.9570099],[28.8645809,46.9570906],[28.8645703,46.9571201],[28.8645377,46.957212],[28.8645306,46.957232],[28.864504,46.9572269],[28.8645015,46.9572334],[28.864499,46.9572399],[28.8644418,46.9573885],[28.8644368,46.9574016],[28.8644327,46.9574122],[28.8644217,46.9574577],[28.8643957,46.9575201],[28.8643585,46.9576123],[28.8643564,46.9576192],[28.8643539,46.9576264],[28.8643466,46.9576428],[28.8643375,46.9576629],[28.8643227,46.9577015],[28.8643181,46.9577121],[28.8642811,46.9577979],[28.8642781,46.9578036],[28.8642743,46.9578106],[28.8642653,46.9578274],[28.8642366,46.9578948],[28.8642003,46.957978],[28.8641949,46.9579904],[28.8641885,46.9580051],[28.8641725,46.9580438],[28.8641446,46.9581114],[28.8641392,46.9581247],[28.8641331,46.9581394],[28.8641134,46.9581872],[28.8640809,46.958266],[28.8640773,46.9582747],[28.864072,46.9582876],[28.864028,46.9583941],[28.8640148,46.9584262],[28.8640087,46.9584409],[28.8639838,46.9585014],[28.8639533,46.958576],[28.8639486,46.9585875],[28.8639442,46.9585981],[28.8639264,46.9586418],[28.8639059,46.9586921],[28.8638963,46.9587156],[28.8638836,46.9587465],[28.8638647,46.9587928],[28.8638627,46.958798],[28.8638602,46.9588045],[28.8638323,46.9588762],[28.8638279,46.9588876],[28.8638224,46.9589018],[28.8638096,46.9589347],[28.8637978,46.958965],[28.8637928,46.958978],[28.8637859,46.9589958],[28.8637504,46.9590809],[28.8637154,46.9591689],[28.8636941,46.9592225],[28.8636662,46.9592951],[28.8636631,46.9593015],[28.8636603,46.9593072],[28.8636375,46.9593543],[28.8636323,46.9593674],[28.8635966,46.9594494],[28.8635881,46.9594689],[28.8635707,46.959509],[28.8635547,46.959548],[28.86355,46.9595593],[28.8635438,46.9595743],[28.8635182,46.9596367],[28.8634794,46.9597309],[28.8634738,46.9597444],[28.8634617,46.9597739],[28.8634347,46.9598395],[28.8634651,46.9598454],[28.8633555,46.9601078],[28.8631679,46.9605681],[28.8631351,46.9606469],[28.8630965,46.9606418],[28.8629446,46.9607195],[28.8625431,46.961516],[28.8626269,46.9615369],[28.8624882,46.9617683],[28.8622793,46.9619788],[28.8621222,46.9621371],[28.8597044,46.9639703],[28.8577656,46.9654077],[28.8568774,46.9660763],[28.8547695,46.9676631],[28.8547119,46.9677065],[28.8539751,46.9682521],[28.853726,46.9686727],[28.8525226,46.9707045],[28.8525,46.9707483],[28.8524177,46.9709083],[28.8523908,46.9709605],[28.8520011,46.9713146],[28.8521083,46.9713242],[28.8519292,46.9715141],[28.8517628,46.9716675],[28.8517424,46.9716863],[28.8516421,46.9717788],[28.8515283,46.9718427],[28.8512723,46.9719073],[28.8510532,46.9719198],[28.8506928,46.9721474],[28.8506553,46.9721714],[28.8502,46.972458],[28.8500875,46.9724577],[28.8500876,46.9724632],[28.8500883,46.972498],[28.8500895,46.9725275],[28.8493482,46.9729953],[28.8493433,46.9729945],[28.8492981,46.9729871],[28.8492443,46.9729783],[28.8492146,46.9730795],[28.8486412,46.9734412],[28.8483212,46.9736805],[28.8482749,46.9737254],[28.8482459,46.9737535],[28.8482166,46.9737819],[28.848172,46.973829],[28.8477762,46.9742472],[28.8476537,46.9743766],[28.8475961,46.9744375],[28.8475514,46.9744847],[28.8462528,46.9760147],[28.8462247,46.9760478],[28.8460976,46.9761976],[28.8456107,46.9767914],[28.8455934,46.9768125],[28.8455786,46.9768336],[28.8454533,46.977018],[28.845402,46.9770919],[28.8449658,46.9777093],[28.8449133,46.9777658],[28.8448042,46.9778834],[28.8440221,46.9786966],[28.8439712,46.9787495],[28.843316,46.9794308],[28.8432532,46.9794961],[28.8432163,46.9795344],[28.8431781,46.9795741],[28.8431645,46.9795896],[28.8431574,46.9795977],[28.8430839,46.9796711],[28.8430334,46.9797216],[28.8429691,46.9797688],[28.8429369,46.9797927],[28.8429109,46.9798047],[28.8428272,46.9798394],[28.8427653,46.9798648],[28.842503,46.9799749],[28.8415149,46.9803896],[28.8411574,46.9805397],[28.8410574,46.9805809],[28.8409237,46.9806371],[28.8408621,46.980663],[28.8407762,46.9806993],[28.8407396,46.9807147],[28.8405845,46.9807811],[28.8405521,46.980795],[28.8405389,46.9808007],[28.8404825,46.9808256],[28.8401423,46.9809702],[28.8401162,46.9809819],[28.8400345,46.9810184],[28.8387489,46.9815933],[28.8387078,46.9816109],[28.8386709,46.9816279],[28.8386145,46.9816521],[28.8386797,46.9817229],[28.8388687,46.9819328],[28.840098,46.9832908],[28.8400774,46.9833101],[28.8391118,46.9837295],[28.8391757,46.9838019],[28.8395195,46.9842034],[28.8395808,46.9842751],[28.8396316,46.9842533],[28.8397003,46.9842239],[28.8405916,46.9838418],[28.84074,46.9839237],[28.8411858,46.9844105],[28.8412475,46.9845313],[28.8413602,46.9846466],[28.8417786,46.9851232],[28.8422689,46.985654],[28.8425785,46.9859963],[28.8428203,46.9862044],[28.8429497,46.986402],[28.8433534,46.9863158],[28.8433071,46.9862485],[28.8435712,46.9861985],[28.8443979,46.9861488],[28.8444844,46.9861966],[28.8445218,46.9863671],[28.8444867,46.986415],[28.8442764,46.9866301],[28.8442624,46.9866556],[28.8442578,46.9866875],[28.8442951,46.9869059],[28.8442881,46.9869234],[28.8443577,46.9871202],[28.844701,46.9872916],[28.8447789,46.9877057],[28.8446939,46.987719],[28.8448443,46.9884952],[28.8448143,46.9884976],[28.8450194,46.9895879],[28.8451331,46.9895767],[28.8453425,46.9906758],[28.8457254,46.9927479],[28.8459209,46.9937935],[28.8459669,46.9940494],[28.8457014,46.994356],[28.8453121,46.9948074],[28.8448237,46.9955268],[28.8453475,46.9956161],[28.8450644,46.9962437],[28.84453,46.9961447],[28.8444875,46.9962558],[28.8443353,46.9962316],[28.8442616,46.9963991],[28.8439849,46.9970282],[28.8440026,46.9970861],[28.8438398,46.997593],[28.8438787,46.9976824],[28.8438327,46.9978248],[28.8432771,46.9992055],[28.8431828,46.9994563],[28.8431709,46.9994879],[28.8432028,46.9994975],[28.843178,46.9995579],[28.8431249,46.9995482],[28.8429267,47.0001034],[28.8428524,47.0003568],[28.8425833,47.0010233],[28.8424657,47.0013239],[28.842363,47.0018282],[28.842274,47.0018193],[28.8422771,47.0017982],[28.8422032,47.0017898],[28.8421426,47.0018069],[28.8420922,47.002147],[28.8419166,47.0026009],[28.841682,47.0035969],[28.8416076,47.0039807],[28.8415793,47.0043065],[28.8415864,47.0046927],[28.8417174,47.0055712],[28.8422872,47.0055422],[28.8423778,47.006033],[28.8425178,47.0060192],[28.8426332,47.0061171],[28.8428154,47.0062717],[28.8428766,47.0063236],[28.8429591,47.0063896],[28.8429911,47.0064196],[28.8430168,47.0064417],[28.8430811,47.0064933],[28.8431264,47.0065326],[28.8431425,47.0065465],[28.8431551,47.0065574],[28.8431936,47.0065909],[28.8435696,47.0069089],[28.8440436,47.0073076],[28.8441996,47.0074388],[28.8444153,47.0075037],[28.8450493,47.007112],[28.8452609,47.0067975],[28.8451957,47.0067574],[28.8453273,47.0066696],[28.8453726,47.0066575],[28.845401,47.0066225],[28.8454758,47.0065433],[28.8454721,47.0065345],[28.8455244,47.0065036],[28.8455766,47.0064653],[28.8459487,47.0061796],[28.8458712,47.0061298],[28.8457585,47.0060164],[28.8461267,47.0056624],[28.8462378,47.005573],[28.8465576,47.0053075],[28.8477081,47.0060339],[28.8487611,47.0067186],[28.8487814,47.006799],[28.8493099,47.0071345],[28.8496323,47.0072271],[28.8496529,47.0071871],[28.851721,47.0075995],[28.8534311,47.0079337],[28.8534155,47.0079764],[28.853564,47.0080088],[28.8537286,47.0080447],[28.8538895,47.007807],[28.8539727,47.0076497],[28.8540505,47.0075235],[28.8541336,47.0074869],[28.8547666,47.0076515],[28.8555632,47.007913],[28.8558127,47.007999],[28.8558717,47.0080283],[28.8562606,47.0081563],[28.8565771,47.0082935],[28.8566281,47.0083081],[28.8567971,47.0084142],[28.8567488,47.0084599],[28.8572316,47.008716],[28.8573871,47.0088019],[28.8575776,47.0088385],[28.8578914,47.0090269],[28.857996,47.0090909],[28.8579692,47.0091092],[28.8581569,47.0092902],[28.8584547,47.0094969],[28.8589187,47.0098097],[28.8585324,47.0100675],[28.8590233,47.0103949],[28.8591145,47.0103291],[28.8595892,47.0106345],[28.8596375,47.0106656],[28.859887,47.010501],[28.8598467,47.0104699],[28.859954,47.0103967],[28.8599996,47.0104297],[28.86048,47.0101105],[28.8605803,47.0101884],[28.8606061,47.0101966],[28.8606413,47.0102225],[28.8608376,47.0103447],[28.8608432,47.0103407],[28.8612401,47.0105903],[28.8614544,47.0107357],[28.8614589,47.0107324],[28.8616371,47.0108483],[28.8616231,47.0108595],[28.8617217,47.010919],[28.8617597,47.01095],[28.8618842,47.0110264],[28.8623461,47.0112768],[28.8625776,47.0110845],[28.8628007,47.0108816],[28.8629675,47.0107331],[28.8631071,47.0106136],[28.8632437,47.0104982],[28.8633929,47.0103788],[28.8637455,47.010098],[28.8644286,47.0095546],[28.8650816,47.0090365],[28.8654015,47.0087798],[28.8655295,47.0086791],[28.8662052,47.0081442],[28.8663286,47.0080473],[28.8669399,47.0075586],[28.8681751,47.006582],[28.8685981,47.006246],[28.8688174,47.0060618],[28.8689793,47.0059234],[28.8690931,47.005822],[28.8692241,47.0056931],[28.8693451,47.0055651],[28.8694466,47.0054471],[28.8695964,47.0052604],[28.8697094,47.0051057],[28.8701352,47.004494],[28.8705262,47.0039175],[28.8711214,47.00304],[28.871439,47.0025799],[28.87193,47.0018398],[28.8723871,47.001166],[28.872595,47.0008658],[28.8727439,47.0006452],[28.8729191,47.0004055],[28.8730478,47.0002383],[28.8732328,47.0000017],[28.8734204,46.9997716],[28.8736189,46.9995373],[28.8737746,46.999357],[28.8739088,46.9992029],[28.8740416,46.999058],[28.874275,46.9988083],[28.874447,46.9986286],[28.8746176,46.9984555],[28.8747997,46.9982713],[28.8750066,46.9980738],[28.8752962,46.9978019],[28.8756231,46.997509],[28.8774005,46.9959409],[28.878661,46.9948282],[28.8789449,46.9945789],[28.8790939,46.9944504],[28.879237,46.994331],[28.8794173,46.9941804],[28.8795662,46.9940619],[28.8797063,46.9939564],[28.8798759,46.993841],[28.8800679,46.9937144],[28.8802196,46.9936177],[28.8803946,46.9935118],[28.8805858,46.9934049],[28.8807883,46.9933004],[28.8809806,46.9932039],[28.8811679,46.9931164],[28.8813834,46.9930183],[28.8816004,46.9929282],[28.8824392,46.9925962],[28.8835884,46.9921439],[28.8845802,46.991751],[28.8849928,46.991587],[28.8850077,46.9916046],[28.8850212,46.9916198],[28.8850566,46.9916576],[28.8850578,46.9916788],[28.8851363,46.9917594],[28.8850232,46.991808],[28.8854037,46.9922145],[28.8858613,46.9927033],[28.8859779,46.9928246],[28.8863487,46.9932177],[28.887076,46.9939835],[28.8872535,46.9943568],[28.8870207,46.9945071],[28.8860238,46.9949445],[28.8856212,46.995177],[28.8837199,46.9966068],[28.8829453,46.9972607],[28.8824524,46.997704],[28.882214,46.9979664],[28.8821436,46.9980846],[28.8821003,46.9982065],[28.8821003,46.9983247],[28.8821761,46.9985205],[28.8822844,46.9986572],[28.8824524,46.9987791],[28.8827015,46.9988973],[28.8828586,46.9989343],[28.8830049,46.9989232],[28.8831565,46.9988604],[28.8835694,46.9985512],[28.8837887,46.9985978],[28.8839337,46.9986297],[28.88406,46.9986776],[28.8841488,46.9987573],[28.8842096,46.9988434],[28.8842904,46.9990227],[28.8848184,46.9985361],[28.886073,46.9973776],[28.8872075,46.9964841],[28.8883959,46.9957564],[28.8901902,46.9946901],[28.891124,46.9941352],[28.8938048,46.9924356],[28.8948207,46.9917625],[28.8956956,46.9911828],[28.8974451,46.9900271],[28.898687,46.9892068],[28.9001198,46.9882466],[28.9006115,46.987917],[28.9018905,46.9870618],[28.9023132,46.9867792],[28.9031235,46.9861389],[28.9036637,46.9855769],[28.9041972,46.9850149],[28.9043052,46.9849504],[28.9051282,46.9843052],[28.9056625,46.9838863],[28.9062703,46.9834533],[28.9063168,46.9833952],[28.9063446,46.9833243],[28.9063513,46.9831538],[28.9064011,46.9830969],[28.9060651,46.9828761],[28.9059958,46.9828089],[28.9062059,46.9827064],[28.9063511,46.9826266],[28.9066759,46.982455],[28.9068758,46.9823423],[28.9070539,46.9822071],[28.907227,46.982052],[28.9080069,46.9813062],[28.9095619,46.9798036],[28.9112738,46.9781905],[28.911834,46.9776571],[28.9123319,46.9771912],[28.9131516,46.9764027],[28.9137104,46.9758778],[28.9136444,46.9758523],[28.913586,46.9758298],[28.9123062,46.9753324],[28.9131833,46.9722447],[28.9136046,46.9714919],[28.9136028,46.9714902],[28.9146042,46.9702995],[28.914649,46.9702957],[28.9149597,46.9701737],[28.9155764,46.9694766],[28.9157585,46.9691951],[28.9157773,46.9691693],[28.9160559,46.9687858],[28.9162153,46.9686495],[28.9172787,46.9676154],[28.9191977,46.9659648],[28.9192797,46.9658943],[28.9193138,46.965865],[28.9194825,46.965735],[28.9214253,46.9642377],[28.9224647,46.9633079],[28.9231638,46.9625091],[28.9238451,46.961652],[28.92543,46.9597144],[28.9255589,46.9594798],[28.9255536,46.9594328],[28.9255986,46.9592776],[28.9260687,46.958699],[28.9261611,46.9585853],[28.9261828,46.9585586],[28.9262015,46.9585356],[28.9270507,46.9574904],[28.9270688,46.9574681],[28.9270834,46.9574502],[28.9270974,46.957433],[28.927122,46.9574026],[28.9271455,46.9573737],[28.9275675,46.9568533],[28.9275995,46.9568143],[28.9276365,46.9567693],[28.9276697,46.9567288],[28.9277019,46.9566872],[28.9277452,46.9566312],[28.9281681,46.9567836],[28.9282068,46.9568047],[28.9284826,46.9568957],[28.9285443,46.9569831],[28.9285574,46.9570857],[28.9287714,46.9571969],[28.9288194,46.9572146],[28.929502,46.957467],[28.9296872,46.95754],[28.9298366,46.9575988],[28.9306773,46.9579299],[28.9310298,46.9572313],[28.9314229,46.9564522],[28.9319454,46.9552908],[28.9321066,46.9553344],[28.9333038,46.9535906],[28.9342682,46.9529327],[28.9372677,46.9508787],[28.9375694,46.9508019],[28.9384697,46.9505728],[28.9391569,46.9501496],[28.9405393,46.9490594],[28.9426958,46.9473193],[28.9427636,46.9472785],[28.9468966,46.9447876],[28.9474954,46.9444267],[28.9481631,46.9440243],[28.9491042,46.9432343],[28.9491901,46.9431915],[28.9502506,46.9426627],[28.9499498,46.9422018],[28.9535379,46.9411551],[28.9555971,46.940417],[28.9675022,46.9355533],[28.9670626,46.9351859]]]}},{"type":"Feature","properties":{"id":"ciocana","osm_relation":1813315,"label":[28.8884532,47.0262664],"source":"https://www.openstreetmap.org/relation/1813315"},"geometry":{"type":"Polygon","coordinates":[[[28.9131516,46.9764027],[28.9123319,46.9771912],[28.911834,46.9776571],[28.9112738,46.9781905],[28.9095619,46.9798036],[28.9080069,46.9813062],[28.907227,46.982052],[28.9070539,46.9822071],[28.9068758,46.9823423],[28.9066759,46.982455],[28.9063511,46.9826266],[28.9062059,46.9827064],[28.9059958,46.9828089],[28.9060651,46.9828761],[28.9064011,46.9830969],[28.9063513,46.9831538],[28.9063446,46.9833243],[28.9063168,46.9833952],[28.9062703,46.9834533],[28.9056625,46.9838863],[28.9051282,46.9843052],[28.9043052,46.9849504],[28.9041972,46.9850149],[28.9036637,46.9855769],[28.9031235,46.9861389],[28.9023132,46.9867792],[28.9018905,46.9870618],[28.9006115,46.987917],[28.9001198,46.9882466],[28.898687,46.9892068],[28.8974451,46.9900271],[28.8956956,46.9911828],[28.8948207,46.9917625],[28.8938048,46.9924356],[28.891124,46.9941352],[28.8901902,46.9946901],[28.8883959,46.9957564],[28.8872075,46.9964841],[28.886073,46.9973776],[28.8848184,46.9985361],[28.8842904,46.9990227],[28.8830257,47.0001883],[28.8808046,47.0022764],[28.8793992,47.0035686],[28.8780565,47.004925],[28.8765004,47.0068675],[28.8756346,47.0080526],[28.8749068,47.0090024],[28.8742417,47.0097383],[28.8726354,47.0113469],[28.8716943,47.0122667],[28.8712049,47.0127587],[28.868852,47.0149875],[28.8677403,47.0160957],[28.8670623,47.0167372],[28.8670694,47.0167581],[28.8655266,47.01826],[28.8648499,47.018897],[28.8641125,47.0195276],[28.8635448,47.0200659],[28.8618952,47.0216434],[28.8618931,47.0217076],[28.861956,47.0217843],[28.8617187,47.0219751],[28.8616532,47.0219571],[28.861591,47.0219472],[28.8615303,47.0219567],[28.861438,47.021986],[28.8611014,47.0222276],[28.8610312,47.0222939],[28.8608008,47.0225225],[28.8607974,47.0225864],[28.8608017,47.0226305],[28.8608247,47.022672],[28.8608695,47.0227071],[28.8608318,47.0228438],[28.8614599,47.0229422],[28.8621754,47.0230544],[28.86234,47.0230752],[28.8625169,47.0230905],[28.8627669,47.0231099],[28.8635027,47.0231485],[28.863631,47.023157],[28.8636797,47.0231624],[28.8643321,47.0232083],[28.8644579,47.0232166],[28.8645532,47.0232232],[28.8646885,47.023235],[28.8647407,47.0232401],[28.8647922,47.0232443],[28.8648786,47.0232598],[28.8649595,47.0232809],[28.8650015,47.0232923],[28.8650691,47.0233157],[28.8651297,47.0233404],[28.8651498,47.0233486],[28.8652057,47.0233743],[28.8652305,47.0233857],[28.8652912,47.0234163],[28.8653708,47.0234635],[28.8655579,47.0235743],[28.865672,47.0236418],[28.8661903,47.0239404],[28.8662249,47.0239647],[28.8662645,47.0239951],[28.8667114,47.0242522],[28.8674664,47.0246248],[28.8678545,47.0248191],[28.8680205,47.0249019],[28.8682855,47.0250519],[28.8689876,47.025781],[28.8694187,47.0261258],[28.8695278,47.0261754],[28.8695622,47.0261424],[28.8696919,47.0261987],[28.8696848,47.0262093],[28.8700961,47.0263779],[28.8705109,47.026572],[28.8710521,47.026837],[28.871554,47.0270834],[28.8719324,47.0272613],[28.8733541,47.0278754],[28.8754006,47.0286625],[28.8757386,47.0287861],[28.8763772,47.0289892],[28.8764035,47.0289531],[28.8772515,47.0291956],[28.8772512,47.0292104],[28.8778279,47.0293338],[28.8778619,47.0292809],[28.8784204,47.0294448],[28.8783865,47.0294993],[28.8792299,47.0297477],[28.8790265,47.0303951],[28.8788565,47.0309487],[28.8786655,47.0315289],[28.8785594,47.0318617],[28.8781661,47.0317803],[28.8779706,47.0322276],[28.8777896,47.032634],[28.8781697,47.032866],[28.8779505,47.0337752],[28.877912,47.0342484],[28.8779074,47.0344267],[28.8773433,47.0346979],[28.8770734,47.034803],[28.8770592,47.0349112],[28.8768121,47.0349022],[28.876047,47.035293],[28.8761,47.0355878],[28.8761665,47.0359318],[28.8769235,47.0359398],[28.8770626,47.0359748],[28.8770955,47.0359422],[28.8778115,47.0359574],[28.8779647,47.0359535],[28.8781709,47.0358123],[28.8782463,47.0357632],[28.8782844,47.0357633],[28.8783143,47.035788],[28.8783403,47.0358796],[28.8785701,47.0367526],[28.8784948,47.0367966],[28.8785555,47.0369765],[28.8786567,47.0369883],[28.8787991,47.0374877],[28.8787593,47.0375458],[28.8787346,47.0375498],[28.8787508,47.0376044],[28.8782172,47.037671],[28.8783358,47.0380872],[28.8783202,47.0381145],[28.8783506,47.038248],[28.8783866,47.0382592],[28.8784781,47.0385793],[28.8790271,47.0385046],[28.8793047,47.039357],[28.8793713,47.0394082],[28.8794676,47.0394412],[28.8796525,47.0394576],[28.8797773,47.0394595],[28.8800792,47.0394193],[28.8801226,47.0394938],[28.8801377,47.0395707],[28.8801997,47.0396617],[28.8801958,47.0396939],[28.8801707,47.0397212],[28.8800618,47.0397617],[28.8801469,47.0399347],[28.8809232,47.0396528],[28.8806685,47.0393103],[28.8807421,47.0392777],[28.8810935,47.0392132],[28.8811192,47.0391607],[28.8812604,47.0391338],[28.8813316,47.0391356],[28.8814085,47.0391455],[28.8814596,47.039162],[28.8814997,47.0391788],[28.8815336,47.0392019],[28.8815644,47.0392324],[28.8815906,47.0392618],[28.8816106,47.0392985],[28.8816214,47.0393353],[28.8816275,47.0393741],[28.8816151,47.0393846],[28.8822758,47.0395412],[28.8817884,47.0397419],[28.8817475,47.0397532],[28.8813412,47.0399102],[28.8813343,47.0399265],[28.8804272,47.0402689],[28.8795793,47.0405622],[28.8787056,47.0408501],[28.8778907,47.0410936],[28.8768703,47.0413768],[28.8760953,47.0415775],[28.8751637,47.0417891],[28.8745402,47.0419244],[28.8744421,47.0419403],[28.8743324,47.0419387],[28.8742273,47.0419435],[28.8716448,47.0425004],[28.870092,47.0428346],[28.8699787,47.04286],[28.8697258,47.0429167],[28.8688223,47.0431198],[28.8688546,47.0432157],[28.8688654,47.0432478],[28.8690018,47.0436526],[28.8689237,47.0436645],[28.8690535,47.0440342],[28.8705447,47.0481803],[28.8708991,47.0481013],[28.8710691,47.0484255],[28.8706877,47.0485236],[28.8710332,47.0492458],[28.8721377,47.0517616],[28.8727117,47.0534754],[28.8730274,47.0543244],[28.8733192,47.0553111],[28.8734793,47.0562189],[28.8735187,47.0565444],[28.87354,47.0568386],[28.8735835,47.0574396],[28.8735856,47.0574841],[28.8735975,47.0577419],[28.873597,47.05777],[28.8735881,47.05827],[28.8735886,47.0582995],[28.8735896,47.0583664],[28.8735947,47.058687],[28.8735987,47.0589349],[28.8735211,47.0600563],[28.8744376,47.0600919],[28.8744294,47.0602021],[28.874426,47.0602794],[28.8746729,47.0603058],[28.8746354,47.0604405],[28.8746133,47.0612958],[28.8745025,47.0612958],[28.8745189,47.0616821],[28.8743654,47.061686],[28.8743659,47.0617108],[28.8746242,47.0621278],[28.8747216,47.0622849],[28.8747524,47.0624885],[28.8747161,47.06265],[28.8747823,47.0626427],[28.875041,47.062614],[28.8750811,47.0626096],[28.8751284,47.0626018],[28.8751502,47.0625843],[28.8751766,47.062573],[28.8757179,47.0624777],[28.8757286,47.0624797],[28.8760377,47.0623975],[28.8760402,47.0623915],[28.8760988,47.0623839],[28.8761368,47.062379],[28.876236,47.0623661],[28.8769712,47.0622703],[28.8770714,47.0626283],[28.8772673,47.0625985],[28.8778889,47.0624956],[28.8778524,47.0623908],[28.8782322,47.0623263],[28.8783909,47.0622948],[28.8788108,47.0622307],[28.879095,47.0621899],[28.8792943,47.0621574],[28.8794726,47.0621283],[28.8796671,47.0620965],[28.8800742,47.0620301],[28.8801216,47.0620224],[28.8809182,47.0618923],[28.8810101,47.0618748],[28.8811467,47.0618487],[28.8812397,47.0618897],[28.8823503,47.0624174],[28.8825095,47.0624396],[28.8863259,47.0620895],[28.8866601,47.0627871],[28.8867592,47.064087],[28.8865709,47.0641077],[28.8865283,47.0643876],[28.886505,47.0643883],[28.8864422,47.0643903],[28.8864494,47.0644701],[28.8864592,47.0645785],[28.8864657,47.0646512],[28.8864828,47.0648423],[28.8864927,47.064952],[28.8865064,47.0651032],[28.8865199,47.0652528],[28.8865115,47.0652531],[28.8865203,47.0653511],[28.886702,47.0673822],[28.8867175,47.0675554],[28.8867349,47.0677493],[28.8867443,47.0678546],[28.8867447,47.0678625],[28.8867148,47.0678639],[28.8865492,47.0678715],[28.8863701,47.0683521],[28.8867843,47.0699499],[28.8868618,47.0707092],[28.8868687,47.0707523],[28.8870572,47.0719343],[28.8870829,47.0720957],[28.8871979,47.0735862],[28.887258,47.0745814],[28.8874065,47.0760299],[28.887113,47.0763364],[28.8884031,47.0779875],[28.8889156,47.0778118],[28.891625,47.0769151],[28.8931592,47.0762816],[28.8934386,47.0763019],[28.8942351,47.0763596],[28.8944224,47.0790073],[28.894427,47.079072],[28.8951126,47.0795623],[28.8952021,47.0796263],[28.8955984,47.0793479],[28.8965059,47.0787079],[28.8967524,47.0784497],[28.8970672,47.0781136],[28.8978896,47.0777786],[28.8978079,47.0751356],[28.8978013,47.0750265],[28.8978015,47.074927],[28.8977712,47.073948],[28.8977684,47.0738567],[28.8977356,47.0727934],[28.8977329,47.0727059],[28.8977218,47.0723476],[28.8978964,47.0723445],[28.8990942,47.0723229],[28.8997298,47.0724445],[28.8998594,47.0724669],[28.8999127,47.0724761],[28.9005539,47.0725869],[28.9013656,47.0727219],[28.9014847,47.0727417],[28.9021605,47.0728619],[28.9022331,47.0727707],[28.90239,47.072574],[28.9035543,47.0724737],[28.9042572,47.0722419],[28.9044306,47.0702855],[28.9044366,47.070217],[28.9044416,47.0701609],[28.904268,47.0700416],[28.9042884,47.0696203],[28.9043254,47.0688464],[28.9043298,47.0687555],[28.9043429,47.0683679],[28.9043686,47.067612],[28.9043729,47.0674843],[28.9027565,47.0671875],[28.902153,47.0670766],[28.9015189,47.0669877],[28.901333,47.0669617],[28.8984874,47.0668436],[28.8985939,47.0662791],[28.8986572,47.0659432],[28.8987068,47.0656803],[28.8989291,47.0645077],[28.8991976,47.0630925],[28.8991918,47.0611531],[28.8991916,47.061101],[28.9018717,47.0608144],[28.9022271,47.0604995],[28.9037996,47.0602552],[28.9038889,47.0602417],[28.9039534,47.060232],[28.9043489,47.0601724],[28.9048564,47.0600419],[28.9049508,47.0600175],[28.9053876,47.0599045],[28.9056907,47.05983],[28.9055734,47.0590811],[28.9055839,47.05798],[28.9056083,47.0551659],[28.9056214,47.0536488],[28.9056377,47.0515572],[28.9056433,47.0508344],[28.9056594,47.0491537],[28.9055165,47.0469225],[28.9053361,47.0445667],[28.9058603,47.0443801],[28.9071725,47.0437602],[28.9072449,47.0438506],[28.9078865,47.0444053],[28.9079069,47.0444229],[28.9079402,47.0444525],[28.9085448,47.0449896],[28.9085691,47.0450113],[28.9085948,47.0450341],[28.9087142,47.0451402],[28.9090477,47.0453513],[28.909706,47.0456438],[28.911408,47.0463944],[28.9119383,47.0466282],[28.914833,47.0479292],[28.9156626,47.0482992],[28.9157118,47.0483211],[28.9168064,47.048486],[28.918464,47.0486297],[28.9205778,47.0488047],[28.9219985,47.0489302],[28.9228906,47.0488937],[28.9239522,47.0488591],[28.9240785,47.048872],[28.9242711,47.0488917],[28.9246049,47.0489258],[28.9251672,47.0488422],[28.925136,47.0486462],[28.9251466,47.048487],[28.9251041,47.0481631],[28.9251891,47.0480758],[28.9252049,47.0479674],[28.9251569,47.0479568],[28.9247015,47.0478572],[28.9246545,47.0478469],[28.9240052,47.0477397],[28.9234277,47.0476444],[28.9229639,47.0475678],[28.9220584,47.0474183],[28.921771,47.0473317],[28.9215699,47.0472008],[28.9214913,47.0469907],[28.9215245,47.0469273],[28.9219263,47.0468234],[28.9220666,47.0468342],[28.9226301,47.0466108],[28.9215437,47.0458482],[28.9196538,47.0447656],[28.9195017,47.0446157],[28.9195176,47.0444733],[28.9196453,47.0443466],[28.9195725,47.0441843],[28.9194698,47.0440601],[28.9187086,47.0433876],[28.9186446,47.0433569],[28.9185229,47.0432987],[28.9184122,47.0432457],[28.9171551,47.0427944],[28.9159292,47.0423543],[28.9148606,47.0419782],[28.9136554,47.0415426],[28.911792,47.040869],[28.9117782,47.0408226],[28.911759,47.0407582],[28.9116567,47.0404151],[28.911304,47.0402007],[28.9107293,47.0391879],[28.9105099,47.0386766],[28.9102961,47.0381783],[28.9095193,47.0371267],[28.9091138,47.036387],[28.9082798,47.0349378],[28.9081794,47.0343308],[28.9068197,47.0333199],[28.9061505,47.0329784],[28.9051704,47.032209],[28.9025589,47.0307963],[28.9018369,47.0304789],[28.9019685,47.0300153],[28.9019874,47.0299486],[28.9021031,47.0298764],[28.9021796,47.029801],[28.9022773,47.0297064],[28.9023605,47.0296324],[28.9024639,47.0295791],[28.902721,47.0295106],[28.9032219,47.0291605],[28.9032098,47.02912],[28.9031947,47.0290501],[28.9035966,47.0289009],[28.9034261,47.0277407],[28.903424,47.0277262],[28.9029138,47.0275545],[28.9029081,47.0272281],[28.9028715,47.0268489],[28.9027112,47.0256749],[28.9032973,47.0253179],[28.9036836,47.024752],[28.9039081,47.0240422],[28.9041524,47.0235552],[28.9055978,47.0223008],[28.9034485,47.0211755],[28.9034056,47.0206225],[28.9033796,47.0202873],[28.9033731,47.0202029],[28.9030839,47.0191738],[28.9029548,47.0180397],[28.9026644,47.0172096],[28.9024114,47.0167282],[28.9013903,47.015374],[28.9009772,47.014178],[28.9007882,47.0138015],[28.900762,47.0137492],[28.9005592,47.0133452],[28.9003191,47.0124573],[28.9001921,47.0107032],[28.9001852,47.0106074],[28.9002088,47.0105459],[28.9002509,47.0104363],[28.9004284,47.0097628],[28.9007404,47.0095509],[28.9008348,47.0093546],[28.9009023,47.0086278],[28.9009342,47.0085693],[28.9015463,47.0074468],[28.9015719,47.0073213],[28.9015813,47.0072236],[28.9015805,47.0070042],[28.9017155,47.0068085],[28.902029,47.0063543],[28.9028509,47.0066982],[28.9029554,47.0067419],[28.9043462,47.0073238],[28.9053761,47.0077546],[28.9056466,47.0078678],[28.9059082,47.0079772],[28.9070522,47.0084558],[28.907228,47.0085294],[28.9074376,47.008617],[28.9075855,47.0086789],[28.9080225,47.0088624],[28.9084887,47.0090581],[28.9090341,47.0093117],[28.9147268,47.0119587],[28.914662,47.0120087],[28.9148827,47.012158],[28.9150431,47.0122224],[28.9151433,47.0121523],[28.9198474,47.0081755],[28.9213634,47.0068999],[28.9214554,47.0068228],[28.9220853,47.007159],[28.9221412,47.0071889],[28.9224014,47.0073331],[28.9271155,47.0098465],[28.9312282,47.0120391],[28.9318659,47.0115544],[28.9320453,47.011418],[28.9335369,47.01096],[28.9348203,47.0105659],[28.9349782,47.010512],[28.9356529,47.0102982],[28.9358537,47.0104115],[28.9360287,47.0108332],[28.9363088,47.0110599],[28.9371147,47.0108247],[28.9372675,47.01077],[28.9375247,47.0106779],[28.937842,47.0106092],[28.9380625,47.0105404],[28.93814,47.0104033],[28.9381931,47.0104385],[28.938346,47.0102846],[28.9419861,47.0084808],[28.9420181,47.0085031],[28.9427077,47.0081059],[28.9427694,47.0081505],[28.9433178,47.0079414],[28.9435261,47.0078136],[28.9436156,47.0078621],[28.9437776,47.0077208],[28.9435399,47.0075588],[28.9440942,47.0072301],[28.9421805,47.0062168],[28.9423515,47.0060837],[28.9421099,47.0059405],[28.9425521,47.0056302],[28.9433722,47.0054688],[28.9449368,47.0042639],[28.9462297,47.0050724],[28.9466535,47.0048127],[28.9468734,47.0045164],[28.948325,47.0034094],[28.9496204,47.0042956],[28.9510115,47.0032684],[28.9533149,47.0013679],[28.9532344,47.0013259],[28.9537338,47.0009375],[28.9534839,47.0003332],[28.9535273,47.0003016],[28.9531279,47.0000569],[28.9522569,46.9993725],[28.9519105,46.9993561],[28.9515163,46.9993613],[28.9513633,46.9993251],[28.9499284,46.999022],[28.9476151,46.9985675],[28.9460949,46.9982995],[28.9447069,46.9980572],[28.9432874,46.9977923],[28.9427829,46.997604],[28.9425471,46.9974787],[28.9423874,46.9973938],[28.9409691,46.9967825],[28.940909,46.9968597],[28.9409,46.9968739],[28.9403612,46.99669],[28.9401718,46.9968761],[28.9395705,46.9972841],[28.9394179,46.9974513],[28.9393648,46.9975095],[28.9392366,46.9975616],[28.9390359,46.9976432],[28.9388825,46.9977792],[28.9387926,46.9977411],[28.9387276,46.9978125],[28.9386595,46.9978874],[28.9384151,46.9980406],[28.9380993,46.9982687],[28.9378463,46.9984957],[28.9374867,46.9988184],[28.9374488,46.9987999],[28.9363251,46.9998515],[28.93593,47.0002213],[28.9354582,47.0006628],[28.9351084,47.0008935],[28.9350372,47.0008639],[28.9346794,47.0007149],[28.9341725,47.0005039],[28.9340265,47.0003823],[28.9322583,46.9996887],[28.9320935,46.9996241],[28.9321994,46.9995109],[28.9325188,46.9991693],[28.9325252,46.9991339],[28.9324759,46.9991097],[28.9322005,46.9989746],[28.9319832,46.9988679],[28.9321899,46.9985209],[28.932246,46.9984267],[28.9322986,46.9983385],[28.9319777,46.9980534],[28.931875,46.9979621],[28.9317001,46.9978066],[28.9316585,46.9977697],[28.9315948,46.9977417],[28.9314891,46.9976952],[28.9312606,46.9975947],[28.9311164,46.9975313],[28.9310442,46.9974996],[28.9309947,46.9974778],[28.9308958,46.9974343],[28.9308144,46.9973985],[28.9309304,46.9972712],[28.9309513,46.9972482],[28.9314429,46.9967098],[28.9315364,46.9966027],[28.9318593,46.9962607],[28.9327418,46.9953259],[28.9328572,46.9951441],[28.9329252,46.9949225],[28.9329489,46.994845],[28.9332357,46.9939097],[28.9333675,46.9936342],[28.9332001,46.9935068],[28.9326777,46.9933641],[28.9319403,46.9930772],[28.9307756,46.9926516],[28.9305391,46.9925682],[28.9289386,46.9920036],[28.927898,46.9916366],[28.9275202,46.9915033],[28.9263903,46.9911048],[28.9263903,46.9909384],[28.926373,46.9909043],[28.9264034,46.9908443],[28.9270454,46.9895778],[28.927809,46.9880714],[28.9286777,46.9863549],[28.9287173,46.9862794],[28.9274474,46.9867617],[28.9274251,46.9867457],[28.9273194,46.9866699],[28.9272525,46.9866219],[28.9271756,46.9866092],[28.9269273,46.986446],[28.9267952,46.9863592],[28.9265538,46.9862005],[28.9260728,46.9858191],[28.9259422,46.9857376],[28.9258704,46.9856926],[28.9250018,46.9851488],[28.9239144,46.9844962],[28.9238262,46.9844433],[28.9228673,46.9838678],[28.9227882,46.9838203],[28.9226076,46.9837119],[28.9218587,46.9832923],[28.9216594,46.983192],[28.9209023,46.9827707],[28.9208074,46.9827151],[28.920717,46.982662],[28.9202081,46.9823802],[28.9196774,46.9819123],[28.9194223,46.9816548],[28.9192285,46.9814442],[28.9187046,46.9809904],[28.9186085,46.9809151],[28.9183474,46.9807106],[28.9182573,46.98064],[28.9167102,46.9794047],[28.9166355,46.9793475],[28.9155305,46.9785],[28.9152974,46.9783212],[28.9145465,46.977727],[28.9139002,46.9773208],[28.9140621,46.9771646],[28.9139343,46.9770593],[28.9138666,46.9770005],[28.9137001,46.9768557],[28.9135845,46.9767588],[28.9133193,46.9765364],[28.9132728,46.9764974],[28.9132063,46.9764393],[28.9137826,46.9759056],[28.9137104,46.9758778],[28.9131516,46.9764027]],[[28.8776867,47.0351629],[28.877577,47.0349391],[28.8779542,47.0349366],[28.8780737,47.0354358],[28.8777331,47.0354279],[28.8776867,47.0351629]]]}},{"type":"Feature","properties":{"id":"rascani","osm_relation":1813316,"label":[28.8514182,47.0457662],"source":"https://www.openstreetmap.org/relation/1813316"},"geometry":{"type":"MultiPolygon","coordinates":[[[[28.877577,47.0349391],[28.8776867,47.0351629],[28.8777331,47.0354279],[28.8780737,47.0354358],[28.8779542,47.0349366],[28.877577,47.0349391]]],[[[28.7905815,47.0660758],[28.7905987,47.0661024],[28.7909603,47.0662985],[28.7933725,47.0676066],[28.7934219,47.0676336],[28.7950028,47.0663666],[28.7950568,47.0663233],[28.7956403,47.065851],[28.7960501,47.0655193],[28.7966463,47.0650397],[28.796733,47.06497],[28.7968217,47.0650199],[28.7990983,47.066369],[28.7992384,47.0664524],[28.7993872,47.0665404],[28.7995881,47.0666593],[28.8004744,47.0673127],[28.8013966,47.0678213],[28.8022332,47.0682793],[28.8022749,47.068338],[28.8007553,47.0692927],[28.8005565,47.069406],[28.8005167,47.0694257],[28.8004701,47.0694488],[28.7993745,47.0700434],[28.7985659,47.0704801],[28.799217,47.0710507],[28.800265,47.0722351],[28.8015503,47.0716685],[28.8030527,47.0710061],[28.8039521,47.0706467],[28.8034946,47.0701549],[28.8030352,47.0696611],[28.8029795,47.0696011],[28.8039644,47.0691641],[28.8053751,47.070055],[28.8071078,47.0711139],[28.8070436,47.0711712],[28.8076306,47.0715274],[28.8079552,47.0719602],[28.8083519,47.0723375],[28.8095855,47.0727181],[28.8104132,47.073111],[28.8118022,47.0739198],[28.8133537,47.0748554],[28.8134519,47.0749122],[28.8136702,47.0746361],[28.8138572,47.0744111],[28.8141987,47.0739861],[28.8143977,47.0736437],[28.8156095,47.0723064],[28.8249244,47.0738822],[28.8297382,47.0747005],[28.8302921,47.0747947],[28.8306774,47.0734913],[28.8307801,47.0731494],[28.8309623,47.0725401],[28.8311988,47.0719294],[28.8321421,47.0693753],[28.8325365,47.0683256],[28.8330406,47.0669746],[28.8332135,47.0664921],[28.8333204,47.0665299],[28.8350042,47.0671396],[28.8355466,47.0671732],[28.8365552,47.0672199],[28.8371663,47.0672778],[28.8375123,47.0673142],[28.8377101,47.0673887],[28.8394459,47.0680773],[28.8395999,47.0681371],[28.8396636,47.0681618],[28.8398171,47.0681855],[28.8402015,47.0680896],[28.8408369,47.067931],[28.8424945,47.0681828],[28.8435752,47.068338],[28.8439261,47.0687398],[28.8439239,47.0690084],[28.8460314,47.0694445],[28.8463226,47.0690094],[28.8464546,47.0688002],[28.8464614,47.0687898],[28.8465684,47.0686257],[28.8466729,47.068465],[28.8467945,47.0682785],[28.8468299,47.068185],[28.8473844,47.0683622],[28.8474097,47.0683256],[28.8474507,47.0683373],[28.8476001,47.0683799],[28.8476471,47.0683063],[28.8476242,47.0682996],[28.8476441,47.068267],[28.8475868,47.0682509],[28.8476309,47.06818],[28.8476604,47.0681326],[28.8477137,47.068149],[28.8477763,47.0680535],[28.8477974,47.0680212],[28.8478133,47.0680256],[28.847879,47.0679169],[28.8478071,47.0678968],[28.8478629,47.067807],[28.8479126,47.0677272],[28.847879,47.0677175],[28.8480051,47.0675483],[28.8480089,47.0675432],[28.8480679,47.0675588],[28.8480861,47.0675281],[28.8481407,47.0674362],[28.8482185,47.0673053],[28.8481475,47.0672863],[28.8481688,47.0672476],[28.8481955,47.0672545],[28.848222,47.06721],[28.8482509,47.0672179],[28.8482743,47.0671778],[28.848353,47.0670427],[28.8482608,47.0670155],[28.8481116,47.0669716],[28.848093,47.0669989],[28.8480449,47.0669852],[28.8480611,47.0669568],[28.8479603,47.0669271],[28.8479978,47.0668694],[28.8479372,47.0668514],[28.8479918,47.0667653],[28.8480162,47.0667269],[28.8479459,47.0667044],[28.8479769,47.0666587],[28.847996,47.0666304],[28.848039,47.0666438],[28.8480841,47.0665722],[28.8480882,47.066564],[28.8481741,47.0664246],[28.8479906,47.0663691],[28.8480025,47.0663529],[28.8478363,47.0663068],[28.8479809,47.0660794],[28.8483166,47.0655516],[28.8484641,47.0654499],[28.8482962,47.0653985],[28.8484274,47.0652027],[28.8484904,47.0652242],[28.84845,47.0652706],[28.8488787,47.0654749],[28.8489559,47.0655815],[28.849284,47.0656805],[28.8494819,47.0657429],[28.849619,47.0657861],[28.8497542,47.0657822],[28.8500138,47.065882],[28.8505001,47.0660963],[28.8506128,47.0661267],[28.8507113,47.0659563],[28.8507185,47.0659584],[28.8507876,47.0658217],[28.8508001,47.0658084],[28.85088,47.0656528],[28.8509838,47.0654722],[28.8510405,47.0653729],[28.8512369,47.0650294],[28.8513226,47.064872],[28.8514147,47.0647028],[28.8515001,47.0647299],[28.8516401,47.0645163],[28.8517667,47.0643114],[28.8524098,47.0633326],[28.8526842,47.0629267],[28.8525797,47.0629004],[28.8526768,47.0627916],[28.8527505,47.0627526],[28.8530237,47.0625712],[28.8530627,47.0625453],[28.8531514,47.0625383],[28.8532151,47.0625029],[28.8533095,47.0624761],[28.8538773,47.0623444],[28.8544989,47.0622002],[28.8546556,47.0624754],[28.8550418,47.063159],[28.8552914,47.0636007],[28.8553258,47.0635916],[28.8553409,47.0636191],[28.8553474,47.063631],[28.8563995,47.0655455],[28.8566216,47.0659505],[28.8567132,47.0659316],[28.8570927,47.065853],[28.8571166,47.065848],[28.8571367,47.0658438],[28.8572337,47.0658239],[28.8572816,47.065814],[28.8573063,47.0658089],[28.8573822,47.0657923],[28.8576687,47.0657323],[28.8575681,47.065892],[28.857727,47.0662249],[28.8578859,47.0665534],[28.8579735,47.0667345],[28.8580089,47.0668078],[28.8581351,47.0670713],[28.8581396,47.0670894],[28.8583045,47.0674257],[28.8583574,47.0674158],[28.8583838,47.0674785],[28.8585266,47.0677498],[28.8585961,47.0679271],[28.8586606,47.0680845],[28.8587443,47.068441],[28.858846,47.0686922],[28.8588622,47.0687322],[28.8590189,47.0687218],[28.8590351,47.0687623],[28.8591899,47.0691495],[28.8590454,47.0691686],[28.8591315,47.0693735],[28.8591716,47.06941],[28.8592285,47.0694618],[28.8595613,47.0697648],[28.8600968,47.0699794],[28.8610411,47.0700803],[28.8620263,47.0699911],[28.8623444,47.0699363],[28.8629351,47.0698344],[28.8634185,47.0697511],[28.8644885,47.0695666],[28.8649294,47.0694906],[28.8650333,47.0694727],[28.8660329,47.0693003],[28.8663482,47.069246],[28.8664211,47.0692334],[28.8663898,47.0691535],[28.867171,47.0690107],[28.8672114,47.0690971],[28.8672895,47.0690836],[28.8679606,47.0689679],[28.8684261,47.0688876],[28.8689403,47.068799],[28.8690008,47.0687885],[28.8690834,47.0687743],[28.8692562,47.0687555],[28.8696523,47.0687098],[28.8698455,47.0686874],[28.8699556,47.068683],[28.8707042,47.0686481],[28.8715421,47.0686103],[28.8720162,47.0685869],[28.8722246,47.0685797],[28.8724715,47.0685686],[28.8730171,47.0685441],[28.8732845,47.0685319],[28.8748077,47.0684608],[28.8748633,47.0684582],[28.8749085,47.0684561],[28.8760901,47.0684009],[28.8766278,47.0683764],[28.8765348,47.0682077],[28.8765068,47.0681569],[28.8764615,47.0680748],[28.8763946,47.06787],[28.8763331,47.0677011],[28.8761886,47.0673039],[28.87611,47.06721],[28.8758753,47.0662963],[28.8758173,47.0660707],[28.875702,47.0656866],[28.8756436,47.065522],[28.8755788,47.0653553],[28.8755614,47.0653106],[28.8755063,47.0651444],[28.8753741,47.0648149],[28.8753088,47.0646501],[28.8752495,47.0644874],[28.875057,47.0639887],[28.8749936,47.0638226],[28.8749292,47.0636539],[28.8748663,47.0634862],[28.8747413,47.0631513],[28.8746101,47.0627995],[28.8747724,47.0627704],[28.8749956,47.0627304],[28.8750997,47.0626692],[28.8750811,47.0626096],[28.875041,47.062614],[28.8747823,47.0626427],[28.8747161,47.06265],[28.8747524,47.0624885],[28.8747216,47.0622849],[28.8746242,47.0621278],[28.8743659,47.0617108],[28.8743654,47.061686],[28.8745189,47.0616821],[28.8745025,47.0612958],[28.8746133,47.0612958],[28.8746354,47.0604405],[28.8746729,47.0603058],[28.874426,47.0602794],[28.8744294,47.0602021],[28.8744376,47.0600919],[28.8735211,47.0600563],[28.8735987,47.0589349],[28.8735947,47.058687],[28.8735896,47.0583664],[28.8735886,47.0582995],[28.8735881,47.05827],[28.873597,47.05777],[28.8735975,47.0577419],[28.8735856,47.0574841],[28.8735835,47.0574396],[28.87354,47.0568386],[28.8735187,47.0565444],[28.8734793,47.0562189],[28.8733192,47.0553111],[28.8730274,47.0543244],[28.8727117,47.0534754],[28.8721377,47.0517616],[28.8710332,47.0492458],[28.8706877,47.0485236],[28.8710691,47.0484255],[28.8708991,47.0481013],[28.8705447,47.0481803],[28.8690535,47.0440342],[28.8689237,47.0436645],[28.8690018,47.0436526],[28.8688654,47.0432478],[28.8688546,47.0432157],[28.8688223,47.0431198],[28.8697258,47.0429167],[28.8699787,47.04286],[28.870092,47.0428346],[28.8716448,47.0425004],[28.8742273,47.0419435],[28.8743324,47.0419387],[28.8744421,47.0419403],[28.8745402,47.0419244],[28.8751637,47.0417891],[28.8760953,47.0415775],[28.8768703,47.0413768],[28.8778907,47.0410936],[28.8787056,47.0408501],[28.8795793,47.0405622],[28.8804272,47.0402689],[28.8813343,47.0399265],[28.8813412,47.0399102],[28.8817475,47.0397532],[28.8817884,47.0397419],[28.8822758,47.0395412],[28.8816151,47.0393846],[28.8816275,47.0393741],[28.8816214,47.0393353],[28.8816106,47.0392985],[28.8815906,47.0392618],[28.8815644,47.0392324],[28.8815336,47.0392019],[28.8814997,47.0391788],[28.8814596,47.039162],[28.8814085,47.0391455],[28.8813316,47.0391356],[28.8812604,47.0391338],[28.8811192,47.0391607],[28.8810935,47.0392132],[28.8807421,47.0392777],[28.8806685,47.0393103],[28.8809232,47.0396528],[28.8801469,47.0399347],[28.8800618,47.0397617],[28.8801707,47.0397212],[28.8801958,47.0396939],[28.8801997,47.0396617],[28.8801377,47.0395707],[28.8801226,47.0394938],[28.8800792,47.0394193],[28.8797773,47.0394595],[28.8796525,47.0394576],[28.8794676,47.0394412],[28.8793713,47.0394082],[28.8793047,47.039357],[28.8790271,47.0385046],[28.8784781,47.0385793],[28.8783866,47.0382592],[28.8783506,47.038248],[28.8783202,47.0381145],[28.8783358,47.0380872],[28.8782172,47.037671],[28.8787508,47.0376044],[28.8787346,47.0375498],[28.8787593,47.0375458],[28.8787991,47.0374877],[28.8786567,47.0369883],[28.8785555,47.0369765],[28.8784948,47.0367966],[28.8785701,47.0367526],[28.8783403,47.0358796],[28.8783143,47.035788],[28.8782844,47.0357633],[28.8782463,47.0357632],[28.8781709,47.0358123],[28.8779647,47.0359535],[28.8778115,47.0359574],[28.8770955,47.0359422],[28.8770626,47.0359748],[28.8769235,47.0359398],[28.8761665,47.0359318],[28.8761,47.0355878],[28.876047,47.035293],[28.8768121,47.0349022],[28.8770592,47.0349112],[28.8770734,47.034803],[28.8773433,47.0346979],[28.8779074,47.0344267],[28.877912,47.0342484],[28.8779505,47.0337752],[28.8781697,47.032866],[28.8777896,47.032634],[28.8779706,47.0322276],[28.8781661,47.0317803],[28.8785594,47.0318617],[28.8786655,47.0315289],[28.8788565,47.0309487],[28.8790265,47.0303951],[28.8792299,47.0297477],[28.8783865,47.0294993],[28.8784204,47.0294448],[28.8778619,47.0292809],[28.8778279,47.0293338],[28.8772512,47.0292104],[28.8772515,47.0291956],[28.8764035,47.0289531],[28.8763772,47.0289892],[28.8757386,47.0287861],[28.8754006,47.0286625],[28.8733541,47.0278754],[28.8719324,47.0272613],[28.871554,47.0270834],[28.8710521,47.026837],[28.8705109,47.026572],[28.8700961,47.0263779],[28.8696848,47.0262093],[28.8696919,47.0261987],[28.8695622,47.0261424],[28.8695278,47.0261754],[28.8694187,47.0261258],[28.8689876,47.025781],[28.8682855,47.0250519],[28.8680205,47.0249019],[28.8678545,47.0248191],[28.8674664,47.0246248],[28.8667114,47.0242522],[28.8662645,47.0239951],[28.8662249,47.0239647],[28.8661903,47.0239404],[28.865672,47.0236418],[28.8655579,47.0235743],[28.8653708,47.0234635],[28.8652912,47.0234163],[28.8652305,47.0233857],[28.8652057,47.0233743],[28.8651498,47.0233486],[28.8651297,47.0233404],[28.8650691,47.0233157],[28.8650015,47.0232923],[28.8649595,47.0232809],[28.8648786,47.0232598],[28.8647922,47.0232443],[28.8647407,47.0232401],[28.8646885,47.023235],[28.8645532,47.0232232],[28.8644579,47.0232166],[28.8643321,47.0232083],[28.8636797,47.0231624],[28.863631,47.023157],[28.8635027,47.0231485],[28.8627669,47.0231099],[28.8625169,47.0230905],[28.86234,47.0230752],[28.8621754,47.0230544],[28.8614599,47.0229422],[28.8608318,47.0228438],[28.8606318,47.0230011],[28.8604422,47.0229702],[28.8599691,47.022893],[28.8569945,47.0224145],[28.8566391,47.0223606],[28.8567138,47.0222035],[28.8567908,47.0220244],[28.8568436,47.0218676],[28.8570992,47.0205653],[28.8569907,47.0205578],[28.8569746,47.0202726],[28.857089,47.0202309],[28.8569226,47.0193601],[28.8569142,47.0191716],[28.8569742,47.0191714],[28.857004,47.0191646],[28.8569827,47.0189358],[28.8569641,47.0187358],[28.8569185,47.0187367],[28.8568794,47.0183304],[28.8568745,47.0180262],[28.8569433,47.017573],[28.8569386,47.0175661],[28.8569605,47.0174219],[28.8569888,47.0172355],[28.8571381,47.0172106],[28.8571426,47.0171907],[28.8571793,47.0170764],[28.8572057,47.0169916],[28.8572916,47.0167481],[28.8573472,47.0165904],[28.8574383,47.0164279],[28.8575324,47.0162635],[28.857889,47.0158099],[28.8572156,47.01524],[28.8571817,47.0152371],[28.857107,47.0150694],[28.857075,47.0149508],[28.8570431,47.0148726],[28.8569716,47.0147785],[28.856907,47.0147122],[28.856833,47.0146422],[28.8566849,47.0145249],[28.8564695,47.0143542],[28.8557194,47.0137708],[28.8554823,47.0143813],[28.8550505,47.0155155],[28.854555,47.0167847],[28.8541817,47.0173409],[28.8539286,47.0176558],[28.8531641,47.0183459],[28.8519679,47.0191687],[28.8519183,47.0192628],[28.8518546,47.0193062],[28.8508955,47.0196681],[28.8492993,47.018563],[28.8487578,47.018189],[28.8473917,47.0190987],[28.8467405,47.0195427],[28.8449107,47.0207491],[28.8447161,47.0209011],[28.8434986,47.0217262],[28.8425395,47.0223777],[28.8407557,47.0235961],[28.8400868,47.0240376],[28.8391636,47.0246516],[28.839157,47.0246499],[28.8390863,47.0247008],[28.8389588,47.0247787],[28.8384668,47.0250905],[28.8384406,47.0251074],[28.8384284,47.0250998],[28.8382489,47.0252197],[28.8382573,47.0252257],[28.8380581,47.025352],[28.8378756,47.0254763],[28.8378314,47.0255042],[28.837634,47.0256285],[28.8372994,47.0258532],[28.8370251,47.0260396],[28.8341874,47.027949],[28.832736,47.0289328],[28.8320677,47.029375],[28.8319918,47.0294252],[28.8316106,47.029675],[28.8286114,47.0316881],[28.8284059,47.0318207],[28.82813,47.0320054],[28.8280976,47.0320261],[28.8278302,47.0321964],[28.8275159,47.0324113],[28.8275921,47.0324649],[28.8277897,47.0326063],[28.8278563,47.032677],[28.8280292,47.0328563],[28.8281706,47.0329841],[28.8282661,47.0330825],[28.8280636,47.0331896],[28.8280053,47.033129],[28.8278103,47.0332443],[28.8279908,47.0333596],[28.8278889,47.0334255],[28.8279084,47.0334393],[28.8275096,47.0337004],[28.8271734,47.0338883],[28.8271023,47.0338459],[28.8270613,47.03384],[28.8268583,47.03374],[28.8263674,47.0340658],[28.8263908,47.0340841],[28.8260234,47.0343203],[28.8260074,47.0343136],[28.8258265,47.0344257],[28.8256456,47.0345378],[28.8256469,47.0345583],[28.8255846,47.0345932],[28.8254316,47.0344561],[28.8251684,47.0342204],[28.8251196,47.0342552],[28.8249505,47.0340964],[28.8247916,47.0342002],[28.8238852,47.0347798],[28.8238183,47.0348191],[28.8235325,47.0350033],[28.8234612,47.0350492],[28.8234338,47.0350683],[28.8233008,47.0351523],[28.8223069,47.0358037],[28.8221868,47.0358824],[28.8223864,47.0360239],[28.8225458,47.0361324],[28.823001,47.0364291],[28.8230598,47.0364531],[28.8230792,47.036461],[28.8231501,47.03649],[28.8231664,47.0364966],[28.8232317,47.0365157],[28.8233255,47.0365638],[28.8233994,47.0366183],[28.8236288,47.0367391],[28.823895,47.0368886],[28.8239341,47.0369106],[28.8243875,47.0372253],[28.8248111,47.0374829],[28.8255231,47.0379521],[28.8265068,47.0386261],[28.8265344,47.0386429],[28.8265813,47.0386736],[28.8266323,47.0387058],[28.8270516,47.0389708],[28.827417,47.0392017],[28.8278778,47.0394502],[28.8288275,47.0400166],[28.8298469,47.0407876],[28.8301986,47.0410055],[28.8307349,47.0413378],[28.8317472,47.0421634],[28.8315734,47.0421858],[28.8312481,47.0422276],[28.830792,47.0422867],[28.8302356,47.0423999],[28.829961,47.0424705],[28.829621,47.0425674],[28.8293337,47.042673],[28.8286928,47.0429871],[28.8285758,47.0430541],[28.8283458,47.0432198],[28.8281879,47.0433049],[28.8280507,47.0433827],[28.827977,47.0434354],[28.8279136,47.0434724],[28.8278818,47.043491],[28.8271586,47.0438545],[28.826437,47.0442312],[28.8261787,47.0444889],[28.8261136,47.0446809],[28.8259999,47.0447585],[28.82267,47.0469198],[28.8214119,47.0477227],[28.8209292,47.0480407],[28.8204469,47.0483414],[28.8189631,47.0492909],[28.818408,47.0496345],[28.817718,47.050033],[28.8172944,47.0502379],[28.8164793,47.050567],[28.81591,47.050776],[28.8154834,47.0509127],[28.8150053,47.0510469],[28.8145967,47.0511397],[28.8140666,47.0512696],[28.8121059,47.0517094],[28.8107535,47.0520128],[28.8106879,47.0520235],[28.8087217,47.0523449],[28.8054284,47.0525653],[28.8028407,47.0527336],[28.7964454,47.0531584],[28.7918552,47.0534621],[28.7901615,47.0535761],[28.7875434,47.0537582],[28.7855438,47.0539005],[28.784157,47.0540681],[28.782783,47.0542942],[28.7817299,47.054746],[28.7808665,47.0551724],[28.7806922,47.0552223],[28.7805694,47.0552789],[28.7806712,47.0553414],[28.7808952,47.055479],[28.7811391,47.0553742],[28.7821365,47.0560163],[28.7826665,47.0561967],[28.7840935,47.0571227],[28.7846128,47.0573749],[28.7851379,47.0576752],[28.7856985,47.0579562],[28.7863437,47.0583772],[28.7864921,47.0584743],[28.7871995,47.0589479],[28.7867858,47.059231],[28.7901468,47.0611788],[28.7950231,47.0640383],[28.7948116,47.064133],[28.7939872,47.0645019],[28.7938048,47.0645835],[28.7937108,47.0646076],[28.7934909,47.0646641],[28.7933338,47.0647355],[28.7933923,47.064788],[28.7910376,47.0658684],[28.7907558,47.0659965],[28.7905815,47.0660758]]]]}}]}
